EVENT,LAST.EVENT,INTERVAL,MINS.IN.HOLT,CUBS.PRES,UNPAIRED.REST,EXIT.FROM.REST,SCENT.AR,SCENT.DEP,DAYS.SINCE.CHECK,FUNCTION,PRES.ABS
28/11/2009,27/11/2009,1,0,0,,,,,2,N,1
29/11/2009,28/11/2009,1,0,0,,1,,,3,N,1
30/11/2009,29/11/2009,1,0,0,,1,,,4,N,1
01/12/2009,30/11/2009,1,0,0,,1,,,5,N,1
02/12/2009,01/12/2009,1,263,0,,,,,6,N,1
03/12/2009,02/12/2009,1,0,0,,1,,,7,N,1
04/12/2009,03/12/2009,1,496,0,,1,,,0,N,1
05/12/2009,04/12/2009,1,0,0,,1,,,1,N,1
06/12/2009,05/12/2009,1,0,0,,1,,,2,N,1
07/12/2009,06/12/2009,1,0,0,,1,,,3,N,1
08/12/2009,07/12/2009,1,0,0,,1,,,4,N,1
09/12/2009,08/12/2009,1,0,0,,,,,5,N,1
10/12/2009,09/12/2009,1,0,0,,,,,6,N,1
11/12/2009,10/12/2009,1,0,0,,1,,,7,N,1
12/12/2009,11/12/2009,1,0,0,,,,,8,N,1
13/12/2009,12/12/2009,1,0,0,,,,,9,N,1
14/12/2009,13/12/2009,1,0,0,,1,,,10,N,1
15/12/2009,14/12/2009,1,0,0,,1,,,11,N,1
16/12/2009,15/12/2009,1,1046,0,,,,,12,N,1
17/12/2009,16/12/2009,1,940,0,,,,,13,N,1
19/12/2009,17/12/2009,2,0,0,,1,,,0,N,1
20/12/2009,19/12/2009,1,0,0,,,,,1,N,1
21/12/2009,20/12/2009,1,0,0,,1,,,2,N,1
22/12/2009,21/12/2009,1,0,0,,1,,,3,N,1
23/12/2009,22/12/2009,1,843,0,,,,,4,N,1
24/12/2009,23/12/2009,1,121,0,,1,,,5,N,1
25/12/2009,24/12/2009,1,0,0,,,,,6,N,1
26/12/2009,25/12/2009,1,0,0,,,,,7,N,1
27/12/2009,26/12/2009,1,0,0,,1,,,8,N,1
28/12/2009,27/12/2009,1,0,0,,,1,,9,N,1
29/12/2009,28/12/2009,1,0,0,,1,,,10,N,1
30/12/2009,29/12/2009,1,481,0,,,,,11,N,1
31/12/2009,30/12/2009,1,808,0,,,,,12,N,1
01/01/2010,31/12/2009,1,0,0,,1,,,13,N,1
02/01/2010,01/01/2010,1,0,0,,,,,14,N,1
03/01/2010,02/01/2010,1,0,0,,1,,,15,N,1
04/01/2010,03/01/2010,1,333,1,,,,,16,N,1
05/01/2010,04/01/2010,1,0,1,,,,,17,ER,1
06/01/2010,05/01/2010,1,874,1,,1,,,18,ER,1
07/01/2010,06/01/2010,1,724,1,,1,1,1,19,ER,1
08/01/2010,07/01/2010,1,0,1,,,,,20,ER,1
09/01/2010,08/01/2010,1,0,1,,1,,,21,ER,1
10/01/2010,09/01/2010,1,314,1,,,,,22,ER,1
11/01/2010,10/01/2010,1,0,1,,1,,,23,ER,1
12/01/2010,11/01/2010,1,0,1,,,,,0,ER,1
13/01/2010,12/01/2010,1,0,1,,1,,,1,ER,1
14/01/2010,13/01/2010,1,0,1,,,,,2,ER,1
15/01/2010,14/01/2010,1,791,1,,1,1,,3,ER,1
16/01/2010,15/01/2010,1,0,1,,1,,,4,ER,1
17/01/2010,16/01/2010,1,0,1,,,,,5,ER,1
18/01/2010,17/01/2010,1,0,1,,1,1,,6,ER,1
19/01/2010,18/01/2010,1,0,1,,,,,7,ER,1
20/01/2010,19/01/2010,1,71,1,,,,,8,ER,1
21/01/2010,20/01/2010,1,0,0,,1,,,9,ER,1
26/01/2010,21/01/2010,5,747,1,,1,,,4,ER,1
27/01/2010,26/01/2010,1,1.999999996,0,,,,,5,ER,1
28/01/2010,27/01/2010,1,360,1,,,,,6,ER,1
29/01/2010,28/01/2010,1,1200,1,,,,,7,ER,1
30/01/2010,29/01/2010,1,107,0,,,,,8,ER,1
02/02/2010,30/01/2010,3,799,1,,,,,11,ER,1
06/02/2010,02/02/2010,4,780,1,,,,,15,ER,1
07/02/2010,06/02/2010,1,852,1,,,,,16,ER,1
09/02/2010,07/02/2010,2,0,1,,,1,,1,ER,1
10/02/2010,09/02/2010,1,0,1,,,,,2,ER,1
15/02/2010,10/02/2010,5,0,1,,1,,,7,ER,1
16/02/2010,15/02/2010,1,796,1,,,,,8,ER,1
17/02/2010,16/02/2010,1,0,1,,,,,9,ER,1
18/02/2010,17/02/2010,1,979,1,,,,,10,ER,1
19/02/2010,18/02/2010,1,804,1,,,,,11,ER,1
20/02/2010,19/02/2010,1,849,1,,,,,12,ER,1
22/02/2010,20/02/2010,2,820,1,,,,,0,ER,1
23/02/2010,22/02/2010,1,859,1,,,,,1,ER,1
24/02/2010,23/02/2010,1,846,1,,,,,2,ER,1
25/02/2010,24/02/2010,1,825,1,,,,,3,ER,1
26/02/2010,25/02/2010,1,825,0,,,,,4,ER,1
27/02/2010,26/02/2010,1,83,1,,,,,5,ER,1
28/02/2010,27/02/2010,1,781,1,,,,,6,ER,1
03/03/2010,28/02/2010,3,917,1,,,,,9,ER,1
04/03/2010,03/03/2010,1,874,1,,,,,10,ER,1
05/03/2010,04/03/2010,1,0,0,,,,,11,ER,1
07/03/2010,05/03/2010,2,822,0,,,,,0,MR,1
08/03/2010,07/03/2010,1,805,1,,,,,1,MR,1
09/03/2010,08/03/2010,1,827,1,,,,,2,MR,1
10/03/2010,09/03/2010,1,14,1,,1,,,3,MR,1
11/03/2010,10/03/2010,1,0,0,,,,,0,MR,1
12/03/2010,11/03/2010,1,69,0,,,,,1,MR,1
13/03/2010,12/03/2010,1,941,1,,1,,,2,MR,1
15/03/2010,13/03/2010,2,0,0,,,,,4,MR,1
17/03/2010,15/03/2010,2,0,0,,,1,,6,MR,1
18/03/2010,17/03/2010,1,772,0,,,,,7,MR,1
19/03/2010,18/03/2010,1,853,0,,,1,,8,MR,1
23/03/2010,19/03/2010,4,0,0,,,,,12,MR,1
26/03/2010,23/03/2010,3,0,0,,,,,1,MR,1
27/03/2010,26/03/2010,1,815,0,,,,,2,MR,1
28/03/2010,27/03/2010,1,842,0,,,,,3,MR,1
30/03/2010,28/03/2010,2,0,0,,1,,,5,MR,1
31/03/2010,30/03/2010,1,585,1,,,,,6,MR,1
03/04/2010,31/03/2010,3,0,0,,,,,2,MR,1
04/04/2010,03/04/2010,1,0,0,,,,,3,MR,1
05/04/2010,04/04/2010,1,0,0,,,,,4,MR,1
07/04/2010,05/04/2010,2,0,0,,,,,6,MR,1
08/04/2010,07/04/2010,1,905,1,,,1,,7,MR,1
11/04/2010,08/04/2010,3,900,1,,,,,10,MR,1
12/04/2010,11/04/2010,1,904,0,,,,,11,MR,1
14/04/2010,12/04/2010,2,951,1,,,,,13,MR,1
16/04/2010,14/04/2010,2,0,0,,,1,,15,MR,1
17/04/2010,16/04/2010,1,859,1,,,,,16,MR,1
19/04/2010,17/04/2010,2,911,1,,1,,,0,MR,1
21/04/2010,19/04/2010,2,1000,1,,,1,,2,MR,1
22/04/2010,21/04/2010,1,2.999999999,0,,,1,,3,MR,1
23/04/2010,22/04/2010,1,939,1,,,,,4,MR,1
24/04/2010,23/04/2010,1,16,0,,,,,5,MR,1
26/04/2010,24/04/2010,2,878,1,,,,1,7,MR,1
27/04/2010,26/04/2010,1,829,0,,,,,8,MR,1
30/04/2010,27/04/2010,3,0,0,,,1,,11,MR,1
02/05/2010,30/04/2010,2,1165,1,,,,,13,MR,1
03/05/2010,02/05/2010,1,759,0,,,1,,14,MR,1
04/05/2010,03/05/2010,1,1031,0,,,1,,15,MR,1
05/05/2010,04/05/2010,1,892,0,,,,,0,MR,1
06/05/2010,05/05/2010,1,980,1,,,,,1,MR,1
08/05/2010,06/05/2010,2,1033,1,,,,,3,LR,1
13/05/2010,08/05/2010,5,0,1,,1,,,8,LR,1
14/05/2010,13/05/2010,1,1169,1,,,,,9,LR,1
16/05/2010,14/05/2010,2,1.000000003,0,,,,,11,LR,1
18/05/2010,16/05/2010,2,997,0,,,,,13,LR,1
22/05/2010,18/05/2010,4,1000,1,,,,,3,LR,1
23/05/2010,22/05/2010,1,0,0,,,,,4,LR,1
24/05/2010,23/05/2010,1,0,0,,,,,5,LR,1
26/05/2010,24/05/2010,2,1001,1,,,,,7,LR,1
27/05/2010,26/05/2010,1,1034,0,,,1,,8,LR,1
29/05/2010,27/05/2010,2,1047,0,,,1,,10,LR,1
30/05/2010,29/05/2010,1,1040,1,,,,,11,LR,1
03/06/2010,30/05/2010,4,993,1,,,1,,2,LR,1
04/06/2010,03/06/2010,1,989,0,,,,,3,LR,1
06/06/2010,04/06/2010,2,5.999999999,1,,,1,,5,LR,1
07/06/2010,06/06/2010,1,1077,1,,,1,,6,LR,1
10/06/2010,07/06/2010,3,0,0,,,,,9,LR,1
12/06/2010,10/06/2010,2,0,0,,,,,11,LR,1
14/06/2010,12/06/2010,2,146,0,,,,,0,LR,1
15/06/2010,14/06/2010,1,1028,1,,,,,1,LR,1
18/06/2010,15/06/2010,3,11,0,,,,,4,LR,1
19/06/2010,18/06/2010,1,0,0,,,,,5,LR,1
20/06/2010,19/06/2010,1,1093,1,,,,,6,LR,1
23/06/2010,20/06/2010,3,0,0,,,,,9,LR,1
27/06/2010,23/06/2010,4,31,0,,,,,13,LR,1
29/06/2010,27/06/2010,2,1246,0,,,,1,1,LR,1
30/06/2010,29/06/2010,1,0,1,,,,,2,LR,1
25/08/2010,30/06/2010,56,0,0,,1,,,1,C,1
28/08/2010,25/08/2010,3,0,0,,,,,4,C,1
29/08/2010,28/08/2010,1,0,0,,,,,5,C,1
30/08/2010,29/08/2010,1,257,0,,,,,6,C,1
01/09/2010,30/08/2010,2,0,0,,,,,8,C,1
02/09/2010,01/09/2010,1,0,0,,,,,9,C,1
03/09/2010,02/09/2010,1,0,0,,,,,10,C,1
14/09/2010,13/09/2010,1,0,0,,,,,0,C,1
17/09/2010,14/09/2010,3,742,0,,,,,3,C,1
18/09/2010,17/09/2010,1,2.000000007,0,,,,,4,C,1
19/09/2010,18/09/2010,1,0,0,,,,,5,C,1
27/09/2010,19/09/2010,8,17,0,,,,,13,C,1
03/10/2010,27/09/2010,6,0,0,,,,,3,C,1
05/10/2010,03/10/2010,2,0,0,,,,,5,C,1
22/10/2010,20/10/2010,2,0,0,,,,,2,C,1
24/10/2010,22/10/2010,2,0,0,,,1,,4,C,1
25/10/2010,24/10/2010,1,767,0,,,,,5,C,1
27/10/2010,25/10/2010,2,778,0,,,,1,7,C,1
02/11/2010,27/10/2010,6,0,0,669,,,,13,C,1
04/11/2010,02/11/2010,2,0,0,,,,,0,C,1
05/11/2010,04/11/2010,1,652,0,,,,,1,C,1
06/11/2010,05/11/2010,1,0,0,,1,,,2,C,1
07/11/2010,06/11/2010,1,770,0,,,,,3,C,1
08/11/2010,07/11/2010,1,778,0,,,,,4,C,1
09/11/2010,08/11/2010,1,0,0,,1,,,5,C,1
10/11/2010,09/11/2010,1,247,0,,,,,6,C,1
11/11/2010,10/11/2010,1,691,0,,,1,,7,C,1
12/11/2010,11/11/2010,1,890,0,,,,,8,PN,1
13/11/2010,12/11/2010,1,599,0,,,,,9,PN,1
14/11/2010,13/11/2010,1,761,0,,,,,10,PN,1
15/11/2010,14/11/2010,1,730,0,,,,,11,PN,1
16/11/2010,15/11/2010,1,792,0,,,,,12,PN,1
17/11/2010,16/11/2010,1,786,0,,,1,,13,PN,1
20/11/2010,17/11/2010,3,0,0,,1,,,2,PN,1
21/11/2010,20/11/2010,1,673,0,,,,,3,PN,1
23/11/2010,21/11/2010,2,0,0,,1,,,5,PN,1
24/11/2010,23/11/2010,1,0,0,,,,,6,PN,1
25/11/2010,24/11/2010,1,0,0,,1,,,7,PN,1
26/11/2010,25/11/2010,1,769,0,,1,,,8,PN,1
27/11/2010,26/11/2010,1,0,0,,,,,9,PN,1
28/11/2010,27/11/2010,1,0,0,,,,,10,PN,1
30/11/2010,28/11/2010,2,0,0,,1,,,12,PN,1
01/12/2010,30/11/2010,1,1004,0,,,,,13,PN,1
02/12/2010,01/12/2010,1,664,0,,1,,,14,PN,1
03/12/2010,02/12/2010,1,196,0,,1,,,15,PN,1
04/12/2010,03/12/2010,1,0,0,,1,,,16,PN,1
05/12/2010,04/12/2010,1,0,0,871,,,,17,PN,1
06/12/2010,05/12/2010,1,0,0,,1,,,18,PN,1
07/12/2010,06/12/2010,1,0,0,,1,,,19,PN,1
09/12/2010,07/12/2010,2,0,0,,1,,,0,PN,1
10/12/2010,09/12/2010,1,0,0,,,,,1,PN,1
11/12/2010,10/12/2010,1,844,0,,1,,,2,PN,1
12/12/2010,11/12/2010,1,708,0,,,,,3,PN,1
13/12/2010,12/12/2010,1,779,0,,,,,4,PN,1
14/12/2010,13/12/2010,1,638,0,,,,,5,N,1
15/12/2010,14/12/2010,1,678,0,,1,,,6,N,1
16/12/2010,15/12/2010,1,0,0,,,,,7,N,1
17/12/2010,16/12/2010,1,0,0,,1,,,8,N,1
18/12/2010,17/12/2010,1,992,0,,,,,9,N,1
19/12/2010,18/12/2010,1,0,0,,1,,,10,N,1
20/12/2010,19/12/2010,1,0,0,,,,,0,N,1
21/12/2010,20/12/2010,1,0,0,,,,,1,N,1
22/12/2010,21/12/2010,1,480,0,,1,,,2,N,1
23/12/2010,22/12/2010,1,294,0,,,1,,3,N,1
24/12/2010,23/12/2010,1,302,0,,,,,4,N,1
25/12/2010,24/12/2010,1,0,0,,1,,,5,N,1
26/12/2010,25/12/2010,1,0,0,,1,,,6,N,1
27/12/2010,26/12/2010,1,1109,0,,,1,,7,N,1
28/12/2010,27/12/2010,1,462,0,,,,,8,N,1
29/12/2010,28/12/2010,1,732,0,,,,,9,N,1
30/12/2010,29/12/2010,1,1111,0,,,,,10,N,1
31/12/2010,30/12/2010,1,0,0,796,,,,11,N,1
01/01/2011,31/12/2010,1,0,0,,1,,,12,N,1
02/01/2011,01/01/2011,1,929,0,,,,,13,N,1
03/01/2011,02/01/2011,1,0,0,,,,,14,N,1
04/01/2011,03/01/2011,1,0,0,,1,,,15,N,1
05/01/2011,04/01/2011,1,774,0,,1,,,0,N,1
06/01/2011,05/01/2011,1,1177,0,,1,1,,1,N,1
07/01/2011,06/01/2011,1,0,0,,1,,,2,N,1
08/01/2011,07/01/2011,1,0,0,,1,,,3,N,1
09/01/2011,08/01/2011,1,0,0,,1,,,4,N,1
10/01/2011,09/01/2011,1,0,0,,,,,5,N,1
11/01/2011,10/01/2011,1,0,0,,1,,,6,N,1
12/01/2011,11/01/2011,1,0,0,,,,,7,N,1
13/01/2011,12/01/2011,1,0,0,,,,,8,N,1
14/01/2011,13/01/2011,1,845,0,,,,,9,N,1
15/01/2011,14/01/2011,1,0,0,,,,,10,N,1
16/01/2011,15/01/2011,1,0,0,,,,,11,N,1
17/01/2011,16/01/2011,1,878,0,,,,,12,N,1
18/01/2011,17/01/2011,1,901,0,,,,,13,N,1
19/01/2011,18/01/2011,1,0,0,,,,,0,N,1
20/01/2011,19/01/2011,1,0,0,,1,,,1,N,1
21/01/2011,20/01/2011,1,793,0,,1,,,2,N,1
22/01/2011,21/01/2011,1,0,0,865,,,,3,N,1
23/01/2011,22/01/2011,1,0,0,781,,,,4,N,1
24/01/2011,23/01/2011,1,0,0,749,,,,5,N,1
25/01/2011,24/01/2011,1,4.000000003,0,,1,1,,6,N,1
26/01/2011,25/01/2011,1,0,0,777,,,,7,N,1
27/01/2011,26/01/2011,1,0,0,,1,,,8,N,1
28/01/2011,27/01/2011,1,0,0,785,,,,9,N,1
29/01/2011,28/01/2011,1,0,0,858,,,,10,N,1
30/01/2011,29/01/2011,1,0,0,,1,,,11,N,1
31/01/2011,30/01/2011,1,0,0,,1,,,12,N,1
01/02/2011,31/01/2011,1,0,0,829,,,,13,N,1
02/02/2011,01/02/2011,1,815,0,,,1,,0,N,1
03/02/2011,02/02/2011,1,0,0,,,,,1,N,1
04/02/2011,03/02/2011,1,0,0,722,,,,2,N,1
05/02/2011,04/02/2011,1,0,0,832,,,,3,N,1
06/02/2011,05/02/2011,1,0,0,815,,,,4,N,1
07/02/2011,06/02/2011,1,0,0,,1,,,5,N,1
08/02/2011,07/02/2011,1,0,0,,1,,,6,N,1
09/02/2011,08/02/2011,1,0,0,,1,,,7,N,1
10/02/2011,09/02/2011,1,778,0,,,,,1,N,1
11/02/2011,10/02/2011,1,0,0,,1,1,,2,N,1
12/02/2011,11/02/2011,1,0,0,,,,,3,N,1
13/02/2011,12/02/2011,1,0,0,,1,,,4,N,1
14/02/2011,13/02/2011,1,749,0,,1,1,,5,N,1
15/02/2011,14/02/2011,1,1099,0,,,,,6,N,1
16/02/2011,15/02/2011,1,794,0,,,,,7,N,1
19/02/2011,16/02/2011,3,710,0,,,1,,10,N,1
20/02/2011,19/02/2011,1,938,0,,,,,11,N,1
21/02/2011,20/02/2011,1,822,1,,,,,12,ER,1
22/02/2011,21/02/2011,1,883,0,,,,,13,ER,1
23/02/2011,22/02/2011,1,755,1,,,,,0,ER,1
24/02/2011,23/02/2011,1,0,1,,1,,,1,ER,1
25/02/2011,24/02/2011,1,723,0,,,,,2,ER,1
26/02/2011,25/02/2011,1,692,0,,,,,3,ER,1
27/02/2011,26/02/2011,1,850,0,,,1,,4,ER,1
03/03/2011,27/02/2011,4,833,0,,,1,,8,ER,1
05/03/2011,03/03/2011,2,952,0,,,,,0,ER,1
06/03/2011,05/03/2011,1,780,0,,,,,1,ER,1
07/03/2011,06/03/2011,1,1265,1,,,,,2,ER,1
08/03/2011,07/03/2011,1,846,1,,,,,3,ER,1
09/03/2011,08/03/2011,1,1062,1,,,,,4,ER,1
10/03/2011,09/03/2011,1,1109,1,,,2,,5,ER,1
11/03/2011,10/03/2011,1,2503,1,,,,,6,ER,1
12/03/2011,11/03/2011,1,989,0,,,1,,7,ER,1
13/03/2011,12/03/2011,1,1152,1,,,1,,8,ER,1
15/03/2011,13/03/2011,2,838,0,,,,,1,ER,1
16/03/2011,15/03/2011,1,917,1,,,,,2,ER,1
17/03/2011,16/03/2011,1,53.00000001,0,,,,,3,ER,1
19/03/2011,17/03/2011,2,830,1,,,,1,5,ER,1
22/03/2011,19/03/2011,3,956,1,,,,1,4,ER,1
23/03/2011,22/03/2011,1,1016,1,,,,1,5,ER,1
25/03/2011,23/03/2011,2,857,0,,,,,7,ER,1
03/04/2011,25/03/2011,9,13.99999999,0,,,,,6,ER,1
06/04/2011,03/04/2011,3,1126,1,,,1,1,9,ER,1
09/04/2011,06/04/2011,3,1214,1,,,,1,12,ER,1
10/04/2011,09/04/2011,1,1173,1,,,,3,13,ER,1
11/04/2011,10/04/2011,1,813,0,,,1,1,14,ER,1
14/04/2011,11/04/2011,3,1040,1,,,,,17,ER,1
17/04/2011,14/04/2011,3,1031,1,,1,,,2,ER,1
18/04/2011,17/04/2011,1,880,1,,,,2,3,ER,1
21/04/2011,18/04/2011,3,923,1,,,,,6,ER,1
25/04/2011,21/04/2011,4,901,1,,,,,10,MR,1
28/04/2011,25/04/2011,3,96.99999999,1,919,,,,0,MR,1
29/04/2011,28/04/2011,1,889,1,,,,,1,MR,1
30/04/2011,29/04/2011,1,2.999999999,0,,,,,2,MR,1
03/05/2011,30/04/2011,3,869,1,,,,1,5,MR,1
04/05/2011,03/05/2011,1,0,0,,,,,6,MR,1
10/05/2011,04/05/2011,6,816,1,,,,,12,MR,1
11/05/2011,10/05/2011,1,4.999999995,0,,,,,13,MR,1
13/05/2011,11/05/2011,2,0,0,,,,,0,MR,1
20/05/2011,13/05/2011,7,4.999999995,0,,,,1,7,MR,1
23/05/2011,20/05/2011,3,0,1,,1,,,10,MR,1
26/05/2011,23/05/2011,3,0,1,,1,,,13,MR,1
31/05/2011,26/05/2011,5,0,0,,,,,18,MR,1
23/12/2011,20/12/2011,3,5.999999999,0,,,,,3,C,1
05/01/2012,04/01/2012,1,1.999999996,0,,,,,1,ER,1
07/01/2012,05/01/2012,2,0,0,,,,,3,ER,1
12/01/2012,07/01/2012,5,0,0,,,,,8,ER,1
13/01/2012,12/01/2012,1,0,0,,1,,,9,ER,1
14/01/2012,13/01/2012,1,13,0,,,,,10,ER,1
15/01/2012,14/01/2012,1,8.000000005,1,,1,,,11,ER,1
16/01/2012,15/01/2012,1,4.000000003,0,,,,,12,ER,1
17/01/2012,16/01/2012,1,13,0,,,,,13,ER,1
21/01/2012,17/01/2012,4,1.999999996,0,,,1,,2,ER,1
23/01/2012,21/01/2012,2,5.000000006,0,,,1,1,4,ER,1
25/01/2012,23/01/2012,2,2.999999999,0,,,2,,6,ER,1
28/01/2012,25/01/2012,3,1.000000003,0,,,1,,9,ER,1
29/01/2012,28/01/2012,1,21.00000001,0,,,,,10,ER,1
30/01/2012,29/01/2012,1,629,0,,,2,1,11,ER,1
31/01/2012,30/01/2012,1,1.000000003,0,,,1,1,12,ER,1
01/02/2012,31/01/2012,1,976,0,,,1,,13,ER,1
02/02/2012,01/02/2012,1,0,0,,1,,,0,ER,1
03/02/2012,02/02/2012,1,0,0,,,,,1,ER,1
04/02/2012,03/02/2012,1,322,0,,,1,,2,ER,1
05/02/2012,04/02/2012,1,0,0,,,,,3,ER,1
06/02/2012,05/02/2012,1,788,0,,,,,4,ER,1
07/02/2012,06/02/2012,1,651,0,,,1,2,5,ER,1
08/02/2012,07/02/2012,1,819,0,,,,,6,ER,1
09/02/2012,08/02/2012,1,0,0,,,,,7,ER,1
11/02/2012,09/02/2012,2,318,0,,1,2,1,9,ER,1
12/02/2012,11/02/2012,1,823,0,,,,,10,ER,1
13/02/2012,12/02/2012,1,815,0,,,,,11,ER,1
14/02/2012,13/02/2012,1,862,0,,,,,12,MR,1
15/02/2012,14/02/2012,1,0,0,,,,1,13,MR,1
16/02/2012,15/02/2012,1,0,0,,,,,14,MR,1
17/02/2012,16/02/2012,1,0,0,,1,,,0,ER,1
19/02/2012,17/02/2012,2,869,0,,,,,2,ER,1
20/02/2012,19/02/2012,1,33,0,,,,1,3,ER,1
21/02/2012,20/02/2012,1,0,0,,,,,4,ER,1
24/02/2012,21/02/2012,3,8.999999998,0,,,1,,7,ER,1
26/02/2012,24/02/2012,2,2.000000007,0,,,,,9,ER,1
27/02/2012,26/02/2012,1,0,0,,,,,10,ER,1
01/03/2012,27/02/2012,3,0,0,,,,,1,ER,1
02/03/2012,01/03/2012,1,0,0,,,1,,2,MR,1
04/03/2012,02/03/2012,2,0,0,,,1,,4,MR,1
09/03/2012,04/03/2012,5,833,0,,,,,9,MR,1
10/03/2012,09/03/2012,1,101,0,,,,,10,MR,1
15/03/2012,10/03/2012,5,1.000000003,0,,,,,15,MR,1
16/03/2012,15/03/2012,1,912,0,,,1,,0,MR,1
18/03/2012,16/03/2012,2,760,0,,,,,2,MR,1
19/03/2012,18/03/2012,1,799,1,,,,,3,MR,1
23/03/2012,19/03/2012,4,956,1,,,,,7,MR,1
27/03/2012,23/03/2012,4,1020,1,,,2,,11,MR,1
31/03/2012,27/03/2012,4,1111,1,,,,2,15,MR,1
20/04/2012,19/04/2012,1,898,0,,,1,1,4,MR,1
23/04/2012,20/04/2012,3,804,1,,,,,7,MR,1
25/04/2012,23/04/2012,2,883,0,,,,,9,MR,1
29/04/2012,25/04/2012,4,1052,1,,,,2,13,MR,1
01/05/2012,29/04/2012,2,937,1,,,,,15,MR,1
04/05/2012,01/05/2012,3,950,0,,,1,,18,LR,1
06/05/2012,04/05/2012,2,1002,1,,,,,0,LR,1
11/05/2012,06/05/2012,5,92.00000001,1,,,,,5,LR,1
14/05/2012,11/05/2012,3,932,1,,,,,8,LR,1
15/05/2012,14/05/2012,1,7.000000002,0,,,,,9,LR,1
17/05/2012,15/05/2012,2,996,1,,,,,11,LR,1
18/05/2012,17/05/2012,1,1113,1,,,,,12,LR,1
26/05/2012,18/05/2012,8,1049,0,,,2,,20,LR,1
28/05/2012,26/05/2012,2,1077,0,,,,,22,LR,1
01/06/2012,28/05/2012,4,960,1,,,,,2,LR,1
09/06/2012,01/06/2012,8,843,1,,,,,10,LR,1
11/06/2012,09/06/2012,2,781,0,,,,,12,LR,1
12/06/2012,11/06/2012,1,1001,0,,,1,,13,LR,1
13/06/2012,12/06/2012,1,1023,1,,,,,14,LR,1
17/06/2012,13/06/2012,4,978,1,,,,2,3,LR,1
20/06/2012,17/06/2012,3,123,0,,,,,6,LR,1
21/06/2012,20/06/2012,1,0,1,,1,,1,7,LR,1
23/06/2012,21/06/2012,2,4.000000003,0,,,1,,9,LR,1
26/06/2012,23/06/2012,3,976,0,,,,1,12,LR,1
02/07/2012,26/06/2012,6,0,0,,,1,,3,C,1
04/07/2012,02/07/2012,2,749,1,,,,,5,C,1
05/07/2012,04/07/2012,1,701,1,,,,,6,C,1
07/07/2012,05/07/2012,2,0,0,,,,,8,C,1
10/07/2012,07/07/2012,3,837,1,,,,,11,C,1
24/08/2012,21/08/2012,3,2.000000007,0,,,,,7,C,1
27/08/2012,24/08/2012,3,0,0,,,,,10,C,1
28/08/2012,27/08/2012,1,4.000000003,0,,,,1,11,C,1
29/08/2012,28/08/2012,1,2.999999999,0,,,,,12,C,1
03/09/2012,29/08/2012,5,3.999999992,0,,,1,,4,C,1
13/09/2012,03/09/2012,10,1.999999996,0,,,,,0,C,1
18/09/2012,13/09/2012,5,2.999999999,0,,,1,,5,C,1
24/09/2012,18/09/2012,6,1.999999996,0,,,,,11,C,1
28/09/2012,24/09/2012,4,0,0,,1,,,0,C,1
01/10/2012,28/09/2012,3,0,0,,,,,3,C,1
02/10/2012,01/10/2012,1,2.000000007,0,,,,,4,C,1
03/10/2012,02/10/2012,1,0,0,,,,,5,C,1
04/10/2012,03/10/2012,1,0,0,,,,,6,C,1
09/10/2012,04/10/2012,5,2.000000007,0,,,,,11,C,1
10/10/2012,09/10/2012,1,43,0,,,,,12,C,1
16/10/2012,10/10/2012,6,2.999999999,0,,,,,18,C,1
17/10/2012,16/10/2012,1,1.000000003,0,,,,,19,C,1
20/10/2012,17/10/2012,3,1.999999996,0,,,,,22,C,1
22/10/2012,20/10/2012,2,0,0,,,1,,0,C,1
23/10/2012,22/10/2012,1,0,0,,,,,1,C,1
28/10/2012,23/10/2012,5,0,0,,,,,6,C,1
30/10/2012,28/10/2012,2,0,0,,,,,8,C,1
02/11/2012,30/10/2012,3,0,0,,,,,11,C,1
09/11/2012,02/11/2012,7,0,0,,,,,1,C,1
10/11/2012,09/11/2012,1,2.000000007,0,,,,,2,C,1
14/11/2012,10/11/2012,4,0,0,,,,,6,C,1
17/11/2012,14/11/2012,3,0,0,,,1,,9,C,1
18/11/2012,17/11/2012,1,0,0,,,,,10,C,1
20/11/2012,18/11/2012,2,0,0,,,,,12,C,1
23/11/2012,20/11/2012,3,0,0,,,,,2,C,1
26/11/2012,23/11/2012,3,0,0,,,,,5,C,1
02/12/2012,26/11/2012,6,2.000000007,0,,,,,11,C,1
08/12/2012,02/12/2012,6,0,0,,,,,3,C,1
09/12/2012,08/12/2012,1,644,0,,,,,4,C,1
10/12/2012,09/12/2012,1,,0,,,,,5,C,1
11/12/2012,10/12/2012,1,0,0,,,,,6,C,1
12/12/2012,11/12/2012,1,0,0,,1,,,7,C,1
13/12/2012,12/12/2012,1,0,0,,,,,8,C,1
14/12/2012,13/12/2012,1,,0,,1,,,0,ER,1
15/12/2012,14/12/2012,1,621,1,,,,,1,ER,1
25/12/2012,15/12/2012,10,190,0,,,2,,11,ER,1
29/12/2012,25/12/2012,4,1.000000003,0,,,1,,1,ER,1
08/01/2013,29/12/2012,10,0,0,,,,,4,ER,1
09/01/2013,08/01/2013,1,733,0,,,,,5,ER,1
12/01/2013,09/01/2013,3,15.00000001,0,,,1,,8,ER,1
13/01/2013,12/01/2013,1,0,0,,,,,9,ER,1
20/01/2013,13/01/2013,7,656,0,,,1,1,2,ER,1
21/01/2013,20/01/2013,1,0,1,,,,,3,ER,1
22/01/2013,21/01/2013,1,725,1,289,,1,2,4,ER,1
23/01/2013,22/01/2013,1,782,1,,,1,,5,ER,1
26/01/2013,23/01/2013,3,1421,1,,,1,,8,ER,1
27/01/2013,26/01/2013,1,171,1,,,,,9,ER,1
01/02/2013,27/01/2013,5,693,0,,,1,,0,ER,1
02/02/2013,01/02/2013,1,741,1,,,,,1,ER,1
03/02/2013,02/02/2013,1,782,0,,,,,2,ER,1
08/02/2013,03/02/2013,5,807,1,,,1,,7,ER,1
09/02/2013,08/02/2013,1,789,0,,,,,8,ER,1
13/02/2013,09/02/2013,4,778,0,,,1,,12,ER,1
16/02/2013,13/02/2013,3,694,1,,,2,2,15,MR,1
18/02/2013,16/02/2013,2,795,0,,,1,,17,MR,1
19/02/2013,18/02/2013,1,741,1,,,,,18,MR,1
21/02/2013,19/02/2013,2,8.000000005,0,,,,,0,MR,1
24/02/2013,21/02/2013,3,720,0,,,,,3,MR,1
25/02/2013,24/02/2013,1,807,0,,,1,,4,MR,1
26/02/2013,25/02/2013,1,875,0,,,,,5,MR,1
28/02/2013,26/02/2013,2,740,1,,,,,7,MR,1
02/03/2013,28/02/2013,2,779,1,,,,3,9,MR,1
03/03/2013,02/03/2013,1,887,0,,,1,1,10,MR,1
05/03/2013,03/03/2013,2,810,1,,,,,12,MR,1
07/03/2013,05/03/2013,2,769,1,,,,,14,MR,1
10/03/2013,07/03/2013,3,787,0,,,,1,17,MR,1
11/03/2013,10/03/2013,1,901,0,,,,,18,MR,1
12/03/2013,11/03/2013,1,844,1,,,1,,19,MR,1
13/03/2013,12/03/2013,1,2.000000007,1,,,,1,20,MR,1
19/04/2013,18/04/2013,1,854,1,,,,2,2,LR,1
20/04/2013,19/04/2013,1,22.99999999,0,,,,,3,LR,1
22/04/2013,20/04/2013,2,942,1,,1,,,5,LR,1
23/04/2013,22/04/2013,1,77,1,,,2,,6,LR,1
25/04/2013,23/04/2013,2,838,1,,,,,8,LR,1
26/04/2013,25/04/2013,1,964,0,,,,1,9,LR,1
28/04/2013,26/04/2013,2,0,0,,,1,,11,LR,1
30/04/2013,28/04/2013,2,874,1,,,,3,13,LR,1
02/05/2013,30/04/2013,2,1003,0,,,,,15,LR,1
04/05/2013,02/05/2013,2,823,1,,,,3,17,LR,1
05/05/2013,04/05/2013,1,892,1,,1,,,0,LR,1
22/05/2013,18/05/2013,4,0,0,,,,,5,LR,1
20/06/2013,19/06/2013,1,0,0,,,,,4,C,1
23/06/2013,20/06/2013,3,0,0,,,,,7,C,1
28/09/2013,26/08/2013,33,0,0,,,,,9,C,1
30/09/2013,28/09/2013,2,0,0,,,,,11,C,1
17/10/2013,30/09/2013,17,0,0,,,,,8,C,1
25/10/2013,17/10/2013,8,1.000000003,0,,,,,16,C,1
06/11/2013,25/10/2013,12,8.000000005,0,,,,,5,C,1
09/11/2013,06/11/2013,3,19.99999999,1,,1,1,,8,C,1
10/11/2013,09/11/2013,1,1.999999996,0,,,,,9,ER,1
11/11/2013,10/11/2013,1,7.000000002,0,,,,,10,ER,1
12/11/2013,11/11/2013,1,0,0,,,,,10,ER,1
14/11/2013,12/11/2013,2,24,0,,,,,2,ER,1
17/11/2013,14/11/2013,3,1.999999996,0,,,,,5,ER,1
18/11/2013,17/11/2013,1,2.000000007,0,,,1,,6,ER,1
19/11/2013,18/11/2013,1,1.000000003,0,,,1,,7,ER,1
20/11/2013,19/11/2013,1,7.999999995,0,,,,,8,ER,1
22/11/2013,20/11/2013,2,4.000000003,0,,,,,10,ER,1
23/11/2013,22/11/2013,1,2.999999999,0,,,,,11,ER,1
24/11/2013,23/11/2013,1,0.999999993,0,,,,,12,ER,1
28/11/2013,24/11/2013,4,4.000000003,0,,,,,0,ER,1
29/11/2013,28/11/2013,1,1.000000003,0,,,,,1,ER,1
01/12/2013,29/11/2013,2,0,0,,,,,3,ER,1
02/12/2013,01/12/2013,1,0.999999993,0,,,1,,4,ER,1
04/12/2013,02/12/2013,2,0,0,,,,,6,ER,1
05/12/2013,04/12/2013,1,0,0,,,,,7,ER,1
06/12/2013,05/12/2013,1,0,0,,,,,8,ER,1
08/12/2013,06/12/2013,2,0,0,,,,,10,ER,1
11/12/2013,08/12/2013,3,564,0,,,,,13,ER,1
14/12/2013,11/12/2013,3,0,0,,1,,,16,ER,1
15/12/2013,14/12/2013,1,444,0,,,1,,17,ER,1
17/12/2013,15/12/2013,2,854,0,,,,,19,ER,1
18/12/2013,17/12/2013,1,590,0,,,,,20,ER,1
19/12/2013,18/12/2013,1,1.999999996,0,,,,,21,ER,1
21/12/2013,19/12/2013,2,2.999999999,0,,,,,1,ER,1
22/12/2013,21/12/2013,1,631,0,,,,,2,ER,1
23/12/2013,22/12/2013,1,0,0,,,,,2,ER,1
24/12/2013,23/12/2013,1,798,0,,,,,4,ER,1
27/12/2013,24/12/2013,3,90,0,,,,1,7,ER,1
28/12/2013,27/12/2013,1,2.999999999,0,,,,,8,ER,1
30/12/2013,28/12/2013,2,143,0,,,1,,10,ER,1
01/01/2014,30/12/2013,2,388,0,,,,,12,ER,1
02/01/2014,01/01/2014,1,2.000000007,0,,,,,13,ER,1
03/01/2014,02/01/2014,1,602,0,,,,,14,ER,1
05/01/2014,03/01/2014,2,683,0,,,,,16,ER,1
07/01/2014,05/01/2014,2,0,0,,,,,0,ER,1
08/01/2014,07/01/2014,1,0,0,,,,,1,ER,1
09/01/2014,08/01/2014,1,602,0,,,,,2,ER,1
12/01/2014,09/01/2014,3,630,0,,,,,0,MR,1
13/01/2014,12/01/2014,1,320,0,,,,,1,MR,1
14/01/2014,13/01/2014,1,654,0,,,,,2,MR,1
15/01/2014,14/01/2014,1,693,0,,,,,3,MR,1
17/01/2014,15/01/2014,2,0,0,,,,,5,MR,1
18/01/2014,17/01/2014,1,671,0,,,,,6,MR,1
19/01/2014,18/01/2014,1,596,0,,,,,7,MR,1
21/01/2014,19/01/2014,2,664,0,,,,,9,MR,1
22/01/2014,21/01/2014,1,607,0,,,,,10,MR,1
23/01/2014,22/01/2014,1,634,0,,,1,,0,MR,1
24/01/2014,23/01/2014,1,721,0,,,,,1,MR,1
25/01/2014,24/01/2014,1,573,0,,,,,2,MR,1
26/01/2014,25/01/2014,1,603,0,,,,,3,MR,1
27/01/2014,26/01/2014,1,596,0,,,,,4,MR,1
28/01/2014,27/01/2014,1,651,0,,,,,5,MR,1
30/01/2014,28/01/2014,2,177,0,,,,,7,MR,1
01/02/2014,30/01/2014,2,0,0,,,,,9,MR,1
02/02/2014,01/02/2014,1,559,0,,,,,10,MR,1
03/02/2014,02/02/2014,1,378,0,,,,,11,MR,1
04/02/2014,03/02/2014,1,402,0,,,,,12,MR,1
06/02/2014,04/02/2014,2,639,0,,,,,14,MR,1
07/02/2014,06/02/2014,1,525,0,,,,,15,MR,1
10/02/2014,07/02/2014,3,470,0,,,,,18,MR,1
13/02/2014,10/02/2014,3,0,0,,,,,1,MR,1
14/02/2014,13/02/2014,1,638,0,,,,,2,MR,1
15/02/2014,14/02/2014,1,1.000000003,0,,,,,3,MR,1
16/02/2014,15/02/2014,1,643,0,,,1,,4,MR,1
17/02/2014,16/02/2014,1,671,0,,,,,5,MR,1
19/02/2014,17/02/2014,2,683,0,,,,,7,MR,1
20/02/2014,19/02/2014,1,8.999999998,0,,,,,8,MR,1
21/02/2014,20/02/2014,1,20,0,,,1,,9,MR,1
22/02/2014,21/02/2014,1,584,0,,,,,10,MR,1
23/02/2014,22/02/2014,1,8.000000005,0,,,,,11,MR,1
24/02/2014,23/02/2014,1,0,1,600,1,,,0,MR,1
26/02/2014,24/02/2014,2,0,0,,,,,2,MR,1
27/02/2014,26/02/2014,1,960,0,,,,,3,MR,1
28/02/2014,27/02/2014,1,389,0,,,,,4,MR,1
01/03/2014,28/02/2014,1,562,0,,,1,,5,MR,1
02/03/2014,01/03/2014,1,167,0,,,1,,6,MR,1
03/03/2014,02/03/2014,1,346,0,,,1,,7,MR,1
04/03/2014,03/03/2014,1,737,0,,,,,8,MR,1
06/03/2014,04/03/2014,2,686,1,,,5,,10,MR,1
07/03/2014,06/03/2014,1,813,1,,,,,11,MR,1
08/03/2014,07/03/2014,1,279,0,,,1,,12,MR,1
10/03/2014,08/03/2014,2,2.999999999,1,,,1,,1,MR,1
11/03/2014,10/03/2014,1,799,0,,,,,2,MR,1
12/03/2014,11/03/2014,1,727,0,,,1,,3,LR,1
13/03/2014,12/03/2014,1,731,0,,,1,,4,LR,1
14/03/2014,13/03/2014,1,441,0,,,,,5,LR,1
15/03/2014,14/03/2014,1,75,0,,,,1,6,LR,1
16/03/2014,15/03/2014,1,615,1,,,,,7,LR,1
18/03/2014,16/03/2014,2,701,0,,,,,9,LR,1
19/03/2014,18/03/2014,1,74.99999999,0,,,2,,10,LR,1
20/03/2014,19/03/2014,1,669,0,,,2,,11,LR,1
22/03/2014,20/03/2014,2,709,0,,,2,,13,LR,1
23/03/2014,22/03/2014,1,728,1,,,,1,14,LR,1
25/03/2014,23/03/2014,2,0,0,,1,,1,1,LR,1
26/03/2014,25/03/2014,1,775,0,,,2,,2,LR,1
28/03/2014,26/03/2014,2,767,0,,,,,4,LR,1
29/03/2014,28/03/2014,1,409,0,,,,1,5,LR,1
30/03/2014,29/03/2014,1,817,0,,,,,6,LR,1
01/04/2014,30/03/2014,2,835,0,,,,2,8,LR,1
02/04/2014,01/04/2014,1,849,0,,,,,9,LR,1
03/04/2014,02/04/2014,1,1063,0,,,,,10,LR,1
05/04/2014,03/04/2014,2,1109.6,0,,,,,12,LR,1
06/04/2014,05/04/2014,1,812,0,,,,1,13,LR,1
07/04/2014,06/04/2014,1,814,0,,,,,14,LR,1
08/04/2014,07/04/2014,1,948,1,,,1,2,15,LR,1
09/04/2014,08/04/2014,1,62,1,819,,,,0,LR,1
12/04/2014,09/04/2014,3,919,1,,,,,7,C,1
13/04/2014,12/04/2014,1,0,0,,,,,8,C,1
14/04/2014,13/04/2014,1,839,1,,,,1,9,C,1
16/04/2014,14/04/2014,2,0.066666672,1,,,,1,11,C,1
18/04/2014,16/04/2014,2,0,0,,,1,,13,C,1
19/04/2014,18/04/2014,1,0,0,,,,,14,C,1
20/04/2014,19/04/2014,1,952,0,,,,,15,C,1
21/04/2014,20/04/2014,1,0,0,,,,,16,C,1
23/04/2014,21/04/2014,2,885,0,,,,1,1,LR,1
25/04/2014,23/04/2014,2,917,1,,,2,,3,LR,1
28/04/2014,25/04/2014,3,903,0,,,,,6,LR,1
02/05/2014,28/04/2014,4,1.999999996,0,,,,,10,LR,1
03/05/2014,02/05/2014,1,0,0,,,,,11,LR,1
05/05/2014,03/05/2014,2,2.999999999,0,,,,,0,LR,1
07/05/2014,05/05/2014,2,323,0,,,1,,2,LR,1
09/05/2014,07/05/2014,2,5.999999999,0,,,1,,4,LR,1
10/05/2014,09/05/2014,1,880,0,,,,,5,LR,1
11/05/2014,10/05/2014,1,19.99999999,1,,,,,6,LR,1
12/05/2014,11/05/2014,1,653,0,,,,,7,C,1
13/05/2014,12/05/2014,1,891,0,,,,,8,C,1
15/05/2014,13/05/2014,2,878,0,,,,,10,C,1
17/05/2014,15/05/2014,2,295,1,,,,1,12,C,1
20/05/2014,17/05/2014,3,0,0,,,,1,14,C,1
30/05/2014,20/05/2014,10,1.000000003,0,,,1,,8,C,1
02/06/2014,30/05/2014,3,1.000000003,0,,,,,11,C,1
05/06/2014,02/06/2014,3,48,1,,,2,1,2,C,1
07/06/2014,05/06/2014,2,0,0,,,,,4,C,1
10/06/2014,07/06/2014,3,0,0,,,,,7,C,1
12/06/2014,10/06/2014,2,1046,0,,,,,9,C,1
18/06/2014,12/06/2014,6,1.999999996,0,,,,,1,C,1
19/06/2014,18/06/2014,1,1.000000003,0,,,,,2,C,1
21/06/2014,19/06/2014,2,0,0,,,,,4,C,1
02/07/2014,21/06/2014,11,2.999999999,0,,,,,0,C,1
07/07/2014,02/07/2014,5,2.999999999,0,,,,,5,C,1
10/07/2014,07/07/2014,3,0,0,,,,,8,C,1
18/07/2014,10/07/2014,8,0,0,,,,,2,C,1
27/07/2014,18/07/2014,9,1.000000003,0,,,,,11,C,1
30/07/2014,27/07/2014,3,5.999999999,0,,,,,0,C,1
01/08/2014,30/07/2014,2,4.000000003,0,,,,,2,C,1
06/08/2014,01/08/2014,5,16,0,,,,,7,C,1
13/08/2014,06/08/2014,7,0,0,,,,,13,C,1
20/08/2014,13/08/2014,7,0,0,,,,,20,C,1
28/08/2014,20/08/2014,8,0,0,,,,,28,C,1
04/09/2014,28/08/2014,7,0,0,,,,,2,C,1
05/09/2014,04/09/2014,1,0,0,,,,,3,C,1
06/09/2014,05/09/2014,1,0,0,,,,,4,C,1
07/09/2014,06/09/2014,1,0,0,,,,,5,C,1
21/09/2014,07/09/2014,14,0,0,,,,,4,C,1
26/09/2014,21/09/2014,5,0,0,,,,,9,C,1
03/10/2014,26/09/2014,7,0,0,,,,,3,C,1
13/10/2014,03/10/2014,10,1.999999996,0,,,,,13,C,1
19/10/2014,13/10/2014,6,1.000000003,0,,,,,4,C,1
21/10/2014,19/10/2014,2,1.000000003,0,,,,,6,C,1
24/10/2014,21/10/2014,3,6.000000009,0,,,,,9,C,1
25/10/2014,24/10/2014,1,0,0,,,,,10,C,1
27/10/2014,25/10/2014,2,0,0,,,,,12,C,1
30/10/2014,27/10/2014,3,4.000000003,0,,,,,15,C,1
31/10/2014,30/10/2014,1,0.999999993,0,,,,,0,C,1
03/11/2014,31/10/2014,3,0,0,,,,,3,C,1
13/11/2014,03/11/2014,10,0,0,,,,,1,C,1
17/11/2014,13/11/2014,4,2.999999999,0,,,,,5,C,1
21/11/2014,17/11/2014,4,0,0,,,,,9,C,1
22/11/2014,21/11/2014,1,1.999999996,0,,,,,10,C,1
24/11/2014,22/11/2014,2,0,0,,,,,12,C,1
27/11/2014,24/11/2014,3,0,0,,,,,0,C,1
03/12/2014,27/11/2014,6,0,0,,,,,6,C,1
12/12/2014,03/12/2014,9,2.999999999,0,,,,,3,C,1
13/12/2014,12/12/2014,1,431,0,,,,,4,C,1
14/12/2014,13/12/2014,1,6.999999991,0,,,,,5,C,1
17/12/2014,14/12/2014,3,410,0,,,,,8,C,1
19/12/2014,17/12/2014,2,0,0,,1,,,10,C,1
22/12/2014,19/12/2014,3,435,0,,,,,13,C,1
23/12/2014,22/12/2014,1,287,0,,,,,14,C,1
27/12/2014,23/12/2014,4,557,0,,,,,18,C,1
28/12/2014,27/12/2014,1,595,0,,,,,19,C,1
29/12/2014,28/12/2014,1,0,0,,1,,,0,C,1
01/01/2015,29/12/2014,3,0,0,,1,,,3,C,1
03/01/2015,01/01/2015,2,0,0,,,,,5,C,1
04/01/2015,03/01/2015,1,0,0,,,,,6,C,1
07/01/2015,04/01/2015,3,92,0,,,,,9,C,1
08/01/2015,07/01/2015,1,0,0,,,,,10,C,1
09/01/2015,08/01/2015,1,557,0,,,,,11,C,1
10/01/2015,09/01/2015,1,0,0,,,,,12,C,1
12/01/2015,10/01/2015,2,0,0,,,,,14,C,1
13/01/2015,12/01/2015,1,0,0,,,,,1,C,1
15/01/2015,13/01/2015,2,531,0,,,,,3,C,1
16/01/2015,15/01/2015,1,503,0,,,,,4,C,1
20/01/2015,16/01/2015,4,664,0,,,,,8,C,1
21/01/2015,20/01/2015,1,357,0,,,,,9,C,1
22/01/2015,21/01/2015,1,0,0,,,,,10,C,1
23/01/2015,22/01/2015,1,1002,0,,,,,11,C,1
25/01/2015,23/01/2015,2,632,0,,,,,13,C,1
26/01/2015,25/01/2015,1,0,0,,1,,,14,C,1
29/01/2015,26/01/2015,3,0,0,,,,,3,C,1
31/01/2015,29/01/2015,2,624,0,,,,,5,C,1
01/02/2015,31/01/2015,1,0,0,,1,,,6,C,1
03/02/2015,01/02/2015,2,0,0,,,,,8,C,1
04/02/2015,03/02/2015,1,0,0,,1,,,9,C,1
05/02/2015,04/02/2015,1,783,0,,,,,10,C,1
06/02/2015,05/02/2015,1,966,0,,,,,11,C,1
07/02/2015,06/02/2015,1,0,0,,1,,,12,C,1
08/02/2015,07/02/2015,1,0,0,,1,,,13,C,1
09/02/2015,08/02/2015,1,808,0,,,,,14,C,1
10/02/2015,09/02/2015,1,716,0,,,,,15,C,1
11/02/2015,10/02/2015,1,2.999999999,0,,,,,16,C,1
12/02/2015,11/02/2015,1,0,0,,,,,17,C,1
14/02/2015,12/02/2015,2,123,0,,,,,1,C,1
16/02/2015,14/02/2015,2,0,0,,,,,3,C,1
17/02/2015,16/02/2015,1,704,0,,,,,4,C,1
20/02/2015,17/02/2015,3,895,0,,,,,7,C,1
21/02/2015,20/02/2015,1,73.00000001,0,,,1,,8,C,1
23/02/2015,21/02/2015,2,0,0,,,,,10,C,1
24/02/2015,23/02/2015,1,0,0,,,,,11,C,1
26/02/2015,24/02/2015,2,954,0,,,,,0,C,1
27/02/2015,26/02/2015,1,0,0,,,,,1,C,1
02/03/2015,27/02/2015,3,194,0,,,,,4,C,1
03/03/2015,02/03/2015,1,0,0,,,,,5,C,1
04/03/2015,03/03/2015,1,543,0,,,,,6,C,1
05/03/2015,04/03/2015,1,0,0,,,,,7,C,1
06/03/2015,05/03/2015,1,0,0,,,,,8,C,1
08/03/2015,06/03/2015,2,0,0,,1,,1,10,C,1
14/03/2015,08/03/2015,6,681,0,,,,,2,C,1
15/03/2015,14/03/2015,1,827,0,,,,,3,C,1
18/03/2015,15/03/2015,3,83.00000001,0,,,,,6,C,1
19/03/2015,18/03/2015,1,843,0,,,,,7,C,1
20/03/2015,19/03/2015,1,0,0,,,,,8,C,1
22/03/2015,20/03/2015,2,0,0,750,,,,10,C,1
23/03/2015,22/03/2015,1,1.999999996,0,,1,,,11,C,1
26/03/2015,23/03/2015,3,0,0,,1,,,1,C,1
27/03/2015,26/03/2015,1,843,0,,,,,2,C,1
30/03/2015,27/03/2015,3,857,0,,,,,5,C,1
04/04/2015,30/03/2015,5,717,0,,,,,10,C,1
07/04/2015,04/04/2015,3,0,0,,1,1,,13,C,1
09/04/2015,07/04/2015,2,0,0,,,,,15,C,1
10/04/2015,09/04/2015,1,1.000000003,0,,,,,16,C,1
11/04/2015,10/04/2015,1,880,0,,,,,17,C,1
12/04/2015,11/04/2015,1,39.99999999,0,,,,1,18,C,1
13/04/2015,12/04/2015,1,7.000000002,0,,,,,19,C,1
14/04/2015,13/04/2015,1,830,0,,1,1,,20,C,1
19/04/2015,14/04/2015,5,804,0,,,,,5,C,1
20/04/2015,19/04/2015,1,1.999999996,0,,,,,6,C,1
21/04/2015,20/04/2015,1,0,0,,,,,7,C,1
22/04/2015,21/04/2015,1,772,0,,,,,8,C,1
23/04/2015,22/04/2015,1,2.999999999,0,,,,,9,C,1
24/04/2015,23/04/2015,1,0,0,,,,,10,C,1
25/04/2015,24/04/2015,1,1.999999996,0,,,1,1,1,C,1
26/04/2015,25/04/2015,1,955,0,,,,,2,C,1
27/04/2015,26/04/2015,1,866,0,,,,,3,C,1
28/04/2015,27/04/2015,1,841,0,,,,,4,C,1
30/04/2015,28/04/2015,2,0,0,,1,,,6,C,1
02/05/2015,30/04/2015,2,1.999999996,0,,,,,8,C,1
04/05/2015,02/05/2015,2,742,0,,,,,10,C,1
05/05/2015,04/05/2015,1,1.000000003,0,,,,,11,C,1
06/05/2015,05/05/2015,1,913,0,,,,,12,C,1
07/05/2015,06/05/2015,1,5.000000006,0,,,,,13,C,1
08/05/2015,07/05/2015,1,5.999999999,0,,,1,1,14,C,1
10/05/2015,08/05/2015,2,663,0,,,,,2,C,1
12/05/2015,10/05/2015,2,673,0,,,,,4,C,1
14/05/2015,12/05/2015,2,758,0,,,,,6,C,1
15/05/2015,14/05/2015,1,1.999999996,0,,,1,,7,C,1
16/05/2015,15/05/2015,1,946,0,,,,,8,C,1
18/05/2015,16/05/2015,2,829,0,,,,,10,C,1
20/05/2015,18/05/2015,2,4.999999995,0,,,1,,12,C,1
21/05/2015,20/05/2015,1,0.999999993,0,,,,,13,C,1
22/05/2015,21/05/2015,1,0,0,,1,,,14,C,1
24/05/2015,22/05/2015,2,0,0,,,,,16,C,1
27/05/2015,24/05/2015,3,701,0,,,,,19,C,1
31/05/2015,27/05/2015,4,0,0,,,,,23,C,1
01/06/2015,31/05/2015,1,5.000000006,0,,,,,24,C,1
02/06/2015,01/06/2015,1,3.999999992,0,,,,,25,C,1
04/06/2015,02/06/2015,2,560,0,,,,,27,C,1
28/06/2015,04/06/2015,24,0,0,,,,,9,C,1
11/07/2015,28/06/2015,13,7.999999995,0,,,,,8,C,1
15/07/2015,11/07/2015,4,0,0,,,,,12,C,1
17/07/2015,15/07/2015,2,725,0,,,,,14,C,1
18/07/2015,17/07/2015,1,4.999999995,0,,,,,1,C,1
19/07/2015,18/07/2015,1,327,0,,,,,2,C,1
22/07/2015,19/07/2015,3,969,0,,,,,5,C,1
25/07/2015,22/07/2015,3,0,0,,,,,8,C,1
01/08/2015,25/07/2015,7,767,0,,,1,,6,C,1
04/08/2015,01/08/2015,3,0,0,,,,,9,C,1
05/08/2015,04/08/2015,1,0,0,,,,,10,C,1
06/08/2015,05/08/2015,1,2.000000007,0,,,,,11,C,1
08/08/2015,06/08/2015,2,0,0,,,,,13,C,1
11/08/2015,08/08/2015,3,1.000000003,0,,,,,16,C,1
12/08/2015,11/08/2015,1,0,0,,,,,17,C,1
14/08/2015,12/08/2015,2,0,0,,,,,19,C,1
16/08/2015,14/08/2015,2,0,0,,,,,21,C,1
17/08/2015,16/08/2015,1,0,0,,,,,22,C,1
18/08/2015,17/08/2015,1,0,0,,,,,0,C,1
19/08/2015,18/08/2015,1,0,0,,,,,1,C,1
20/08/2015,19/08/2015,1,0,0,,,,,2,C,1
21/08/2015,20/08/2015,1,0,0,,,,,3,C,1
23/08/2015,21/08/2015,2,0,0,,,,,5,C,1
24/08/2015,23/08/2015,1,0,0,,,,,6,C,1
26/08/2015,24/08/2015,2,0,0,,,,,8,C,1
28/08/2015,26/08/2015,2,0,0,,,,,10,C,1
29/08/2015,28/08/2015,1,0,0,,,,,11,C,1
30/08/2015,29/08/2015,1,0.999999993,0,,,,,12,C,1
02/09/2015,30/08/2015,3,0,0,,,,,15,C,1
04/09/2015,02/09/2015,2,0,0,,,,,17,C,1
06/09/2015,04/09/2015,2,0,0,,,,,2,C,1
09/09/2015,06/09/2015,3,0,0,,,,,5,C,1
13/09/2015,09/09/2015,4,0.999999993,0,,,,,9,C,1
19/09/2015,13/09/2015,6,0,0,,,,,3,C,1
22/09/2015,19/09/2015,3,0,0,,,,,6,C,1
24/09/2015,22/09/2015,2,0,0,,,,,8,C,1
25/09/2015,24/09/2015,1,0,0,,,1,,9,C,1
26/09/2015,25/09/2015,1,0,0,,,,,10,C,1
27/09/2015,26/09/2015,1,740,0,,,,,11,C,1
