DATE,MINS.IN.HOLT,Count of EXIT.FROM.REST,SCENT,YEAR,CHECK.ID,DAYS.SINCE.CHECK,FUNCTION,MIN.GRP.SIZE,rest
27/11/2009,1,,0,2009,40143,1,N,1,0
28/11/2009,1,,0,2009,40143,2,N,1,0
29/11/2009,700,1,0,2009,40143,3,N,1,1
30/11/2009,700,1,0,2009,40143,4,N,1,1
01/12/2009,700,3,0,2009,40143,5,N,3,1
02/12/2009,263,,0,2009,40143,6,N,1,1
03/12/2009,700,1,0,2009,40143,7,N,1,1
04/12/2009,496,1,0,2009,40151,0,N,2,1
05/12/2009,700,2,0,2009,40151,1,N,2,1
06/12/2009,700,1,0,2009,40151,2,N,1,1
07/12/2009,700,1,0,2009,40151,3,N,1,1
08/12/2009,700,2,0,2009,40151,4,N,2,1
09/12/2009,1,,0,2009,40151,5,N,1,0
10/12/2009,1,,0,2009,40151,6,N,1,0
11/12/2009,700,2,0,2009,40151,7,N,2,1
12/12/2009,1,,0,2009,40151,8,N,1,0
13/12/2009,1,,0,2009,40151,9,N,1,0
14/12/2009,700,1,0,2009,40151,10,N,1,1
15/12/2009,700,1,0,2009,40151,11,N,1,1
16/12/2009,1046,,0,2009,40151,12,N,2,1
17/12/2009,940,,0,2009,40151,13,N,1,1
18/12/2009,0,,0,2009,40152,13,N,0,0
19/12/2009,700,1,0,2009,40166,0,N,1,1
20/12/2009,1,,0,2009,40166,1,N,1,0
21/12/2009,700,2,0,2009,40166,2,N,2,1
22/12/2009,700,2,0,2009,40166,3,N,2,1
23/12/2009,843,,0,2009,40166,4,N,1,1
24/12/2009,121,2,0,2009,40166,5,N,2,1
25/12/2009,1,,0,2009,40166,6,N,1,0
26/12/2009,1,,0,2009,40166,7,N,1,0
27/12/2009,700,4,0,2009,40166,8,N,4,1
28/12/2009,1,,1,2009,40166,9,N,2,0
29/12/2009,700,1,0,2009,40166,10,N,1,1
30/12/2009,481,,0,2009,40166,11,N,1,1
31/12/2009,808,,0,2009,40166,12,N,2,1
01/01/2010,700,2,0,2010,40166,13,N,2,1
02/01/2010,1,,0,2010,40166,14,N,1,0
03/01/2010,700,1,0,2010,40166,15,N,1,1
04/01/2010,333,,0,2010,40166,16,N,2,1
05/01/2010,1,,0,2010,40166,17,ER,2,0
06/01/2010,874,1,0,2010,40166,18,ER,3,1
07/01/2010,724,2,1,2010,40166,19,ER,3,1
08/01/2010,1,,0,2010,40166,20,ER,3,0
09/01/2010,700,1,0,2010,40166,21,ER,3,1
10/01/2010,314,,0,2010,40166,22,ER,3,1
11/01/2010,700,1,0,2010,40166,23,ER,3,1
12/01/2010,1,,0,2010,40190,0,ER,3,0
13/01/2010,700,3,0,2010,40190,1,ER,3,1
14/01/2010,700,1,0,2010,40190,2,ER,3,1
15/01/2010,791,1,1,2010,40190,3,ER,4,1
16/01/2010,700,1,0,2010,40190,4,ER,3,1
17/01/2010,1,,0,2010,40190,5,ER,3,0
18/01/2010,700,1,1,2010,40190,6,ER,3,1
19/01/2010,1,,0,2010,40190,7,ER,3,0
20/01/2010,71,,0,2010,40190,8,ER,1,1
21/01/2010,700,1,0,2010,40190,9,ER,1,1
22/01/2010,0,,0,2010,40200,0,ER,0,0
24/01/2010,0,,0,2010,40200,2,ER,0,0
25/01/2010,0,,0,2010,40200,3,ER,0,0
26/01/2010,747,2,0,2010,40200,4,ER,2,1
27/01/2010,2,,0,2010,40200,5,ER,1,0
28/01/2010,360,,0,2010,40200,6,ER,1,1
29/01/2010,1200,,0,2010,40200,7,ER,1,1
30/01/2010,107,,0,2010,40200,8,ER,1,1
31/01/2010,0,,0,2010,40200,9,ER,0,0
01/02/2010,0,,0,2010,40200,10,ER,0,0
02/02/2010,799,,0,2010,40200,11,ER,1,1
03/02/2010,0,,0,2010,40200,12,ER,0,0
04/02/2010,0,,0,2010,40200,13,ER,0,0
05/02/2010,0,,0,2010,40200,14,ER,0,0
06/02/2010,780,,0,2010,40200,15,ER,1,1
07/02/2010,852,,0,2010,40200,16,ER,1,1
08/02/2010,0,,0,2010,40217,0,ER,0,0
09/02/2010,1,,1,2010,40217,1,ER,2,0
10/02/2010,1,,0,2010,40217,2,ER,2,0
11/02/2010,0,,0,2010,40217,3,ER,0,0
12/02/2010,0,,0,2010,40217,4,ER,0,0
13/02/2010,0,,0,2010,40217,5,ER,0,0
14/02/2010,0,,0,2010,40217,6,ER,0,0
15/02/2010,700,2,0,2010,40217,7,ER,2,1
16/02/2010,796,,0,2010,40217,8,ER,1,1
17/02/2010,1,,0,2010,40217,9,ER,2,0
18/02/2010,979,,0,2010,40217,10,ER,1,1
19/02/2010,804,,0,2010,40217,11,ER,1,1
20/02/2010,849,,0,2010,40217,12,ER,1,1
21/02/2010,0,,0,2010,40217,13,ER,0,0
22/02/2010,820,,0,2010,40231,0,ER,2,1
23/02/2010,859,,0,2010,40231,1,ER,1,1
24/02/2010,846,,0,2010,40231,2,ER,1,1
25/02/2010,825,,0,2010,40231,3,ER,1,1
26/02/2010,825,,0,2010,40231,4,ER,1,1
27/02/2010,83,,0,2010,40231,5,ER,2,1
28/02/2010,781,,0,2010,40231,6,ER,1,1
01/03/2010,0,,0,2010,40231,7,ER,0,0
02/03/2010,0,,0,2010,40231,8,ER,0,0
03/03/2010,917,,0,2010,40231,9,ER,1,1
04/03/2010,874,,0,2010,40231,10,ER,1,1
05/03/2010,1,,0,2010,40231,11,ER,1,0
06/03/2010,0,,0,2010,40231,12,ER,0,0
07/03/2010,822,,0,2010,40244,0,MR,1,1
08/03/2010,805,,0,2010,40244,1,MR,1,1
09/03/2010,827,,0,2010,40244,2,MR,1,1
10/03/2010,14,3,0,2010,40244,3,MR,3,0
11/03/2010,1,,0,2010,40248,0,MR,1,0
12/03/2010,69,,0,2010,40248,1,MR,1,1
13/03/2010,941,1,0,2010,40248,2,MR,1,1
14/03/2010,0,,0,2010,40248,3,MR,0,0
15/03/2010,1,,0,2010,40248,4,MR,1,0
16/03/2010,0,,0,2010,40248,5,MR,0,0
17/03/2010,1,,1,2010,40248,6,MR,1,0
18/03/2010,772,,0,2010,40248,7,MR,1,1
19/03/2010,853,,1,2010,40248,8,MR,1,1
20/03/2010,0,,0,2010,40248,9,MR,0,0
21/03/2010,0,,0,2010,40248,10,MR,0,0
22/03/2010,0,,0,2010,40248,11,MR,0,0
23/03/2010,1,,0,2010,40248,12,MR,1,0
24/03/2010,0,,0,2010,40248,13,MR,0,0
26/03/2010,1,,0,2010,40262,1,MR,1,0
27/03/2010,815,,0,2010,40262,2,MR,1,1
28/03/2010,842,,0,2010,40262,3,MR,1,1
30/03/2010,700,2,0,2010,40262,5,MR,2,1
31/03/2010,585,,0,2010,40262,6,MR,1,1
01/04/2010,0,,0,2010,40269,0,MR,0,0
02/04/2010,0,,0,2010,40269,1,MR,0,0
03/04/2010,1,,0,2010,40269,2,MR,1,0
04/04/2010,1,,0,2010,40269,3,MR,1,0
05/04/2010,1,,0,2010,40269,4,MR,1,0
06/04/2010,0,,0,2010,40269,5,MR,0,0
07/04/2010,1,,0,2010,40269,6,MR,1,0
08/04/2010,905,,1,2010,40269,7,MR,3,1
09/04/2010,0,,0,2010,40269,8,MR,0,0
10/04/2010,0,,0,2010,40269,9,MR,0,0
11/04/2010,900,,0,2010,40269,10,MR,1,1
12/04/2010,904,,0,2010,40269,11,MR,1,1
13/04/2010,0,,0,2010,40269,12,MR,0,0
14/04/2010,951,,0,2010,40269,13,MR,1,1
15/04/2010,0,,0,2010,40269,14,MR,0,0
16/04/2010,1,,1,2010,40269,15,MR,1,0
17/04/2010,859,,0,2010,40269,16,MR,1,1
18/04/2010,0,,0,2010,40269,17,MR,0,0
19/04/2010,911,2,0,2010,40287,0,MR,2,1
20/04/2010,0,,0,2010,40287,1,MR,0,0
21/04/2010,1000,,1,2010,40287,2,MR,1,1
22/04/2010,3,,1,2010,40287,3,MR,1,0
23/04/2010,939,,0,2010,40287,4,MR,1,1
24/04/2010,16,,0,2010,40287,5,MR,1,1
25/04/2010,0,,0,2010,40287,6,MR,0,0
26/04/2010,878,,1,2010,40287,7,MR,1,1
27/04/2010,829,,1,2010,40287,8,MR,1,1
28/04/2010,0,,0,2010,40287,9,MR,0,0
29/04/2010,0,,0,2010,40287,10,MR,0,0
30/04/2010,1,,1,2010,40287,11,MR,1,0
01/05/2010,0,,0,2010,40287,12,MR,0,0
02/05/2010,1165,,0,2010,40287,13,MR,1,1
03/05/2010,759,,1,2010,40287,14,MR,1,1
04/05/2010,1031,,1,2010,40287,15,MR,1,1
05/05/2010,892,,0,2010,40303,0,MR,1,1
06/05/2010,980,,0,2010,40303,1,MR,1,1
07/05/2010,0,,0,2010,40303,2,LR,0,0
08/05/2010,1033,,0,2010,40303,3,LR,1,1
09/05/2010,0,,0,2010,40303,4,LR,0,0
10/05/2010,0,,0,2010,40303,5,LR,0,0
11/05/2010,0,,0,2010,40303,6,LR,0,0
12/05/2010,0,,0,2010,40303,7,LR,0,0
13/05/2010,700,2,0,2010,40303,8,LR,2,1
14/05/2010,1169,,0,2010,40303,9,LR,1,1
15/05/2010,0,,0,2010,40303,10,LR,0,0
16/05/2010,1,,0,2010,40303,11,LR,1,0
17/05/2010,0,,0,2010,40303,12,LR,0,0
18/05/2010,997,,0,2010,40303,13,LR,1,1
19/05/2010,0,,0,2010,40317,0,LR,0,0
20/05/2010,0,,0,2010,40317,1,LR,0,0
21/05/2010,0,,0,2010,40317,2,LR,0,0
22/05/2010,1000,,0,2010,40317,3,LR,1,1
23/05/2010,1,,0,2010,40317,4,LR,1,0
24/05/2010,1,,0,2010,40317,5,LR,1,0
25/05/2010,0,,0,2010,40317,6,LR,0,0
26/05/2010,1001,,0,2010,40317,7,LR,1,1
27/05/2010,1034,,1,2010,40317,8,LR,1,1
28/05/2010,0,,0,2010,40317,9,LR,0,0
29/05/2010,1047,,1,2010,40317,10,LR,1,1
30/05/2010,1040,,0,2010,40317,11,LR,1,1
31/05/2010,0,,0,2010,40317,12,LR,0,0
01/06/2010,0,,0,2010,40317,13,LR,0,0
02/06/2010,0,,0,2010,40330,1,LR,0,0
03/06/2010,993,,1,2010,40330,2,LR,1,1
04/06/2010,989,,0,2010,40330,3,LR,1,1
05/06/2010,0,,0,2010,40330,4,LR,0,0
06/06/2010,6,,1,2010,40330,5,LR,1,0
07/06/2010,1077,,1,2010,40330,6,LR,1,1
08/06/2010,0,,0,2010,40330,7,LR,0,0
09/06/2010,0,,0,2010,40330,8,LR,0,0
10/06/2010,1,,0,2010,40330,9,LR,1,0
11/06/2010,0,,0,2010,40330,10,LR,0,0
12/06/2010,1,,0,2010,40330,11,LR,1,0
13/06/2010,0,,0,2010,40330,12,LR,0,0
14/06/2010,146,,0,2010,40343,0,LR,1,1
15/06/2010,1028,,0,2010,40343,1,LR,1,1
16/06/2010,0,,0,2010,40343,2,LR,0,0
17/06/2010,0,,0,2010,40343,3,LR,0,0
18/06/2010,11,,0,2010,40343,4,LR,1,0
19/06/2010,1,,0,2010,40343,5,LR,1,0
20/06/2010,1093,,0,2010,40343,6,LR,1,1
21/06/2010,0,,0,2010,40343,7,LR,0,0
22/06/2010,0,,0,2010,40343,8,LR,0,0
23/06/2010,1,,0,2010,40343,9,LR,1,0
24/06/2010,0,,0,2010,40343,10,LR,0,0
25/06/2010,0,,0,2010,40343,11,LR,0,0
26/06/2010,0,,0,2010,40343,12,LR,0,0
27/06/2010,31,,0,2010,40343,13,LR,1,1
28/06/2010,0,,0,2010,40343,14,LR,0,0
29/06/2010,1246,,1,2010,40357,1,LR,1,1
30/06/2010,1,,0,2010,40357,2,LR,2,0
01/07/2010,0,,0,2010,40360,0,LR,0,0
02/07/2010,0,,0,2010,40360,1,LR,0,0
03/07/2010,0,,0,2010,40360,2,LR,0,0
04/07/2010,0,,0,2010,40360,3,LR,0,0
05/07/2010,0,,0,2010,40360,4,LR,0,0
06/07/2010,0,,0,2010,40360,5,LR,0,0
07/07/2010,0,,0,2010,40360,6,C,0,0
08/07/2010,0,,0,2010,40360,7,C,0,0
09/07/2010,0,,0,2010,40360,8,C,0,0
10/07/2010,0,,0,2010,40360,9,C,0,0
11/07/2010,0,,0,2010,40360,10,C,0,0
12/07/2010,0,,0,2010,40360,11,C,0,0
13/07/2010,0,,0,2010,40360,12,C,0,0
14/07/2010,0,,0,2010,40360,13,C,0,0
15/07/2010,0,,0,2010,40360,14,C,0,0
16/07/2010,0,,0,2010,40360,15,C,0,0
17/07/2010,0,,0,2010,40360,16,C,0,0
18/07/2010,0,,0,2010,40360,17,C,0,0
19/07/2010,0,,0,2010,40360,18,C,0,0
20/07/2010,0,,0,2010,40360,19,C,0,0
21/07/2010,0,,0,2010,40360,20,C,0,0
22/07/2010,0,,0,2010,40360,21,C,0,0
23/07/2010,0,,0,2010,40360,22,C,0,0
24/07/2010,0,,0,2010,40360,23,C,0,0
25/07/2010,0,,0,2010,40360,24,C,0,0
26/07/2010,0,,0,2010,40360,25,C,0,0
27/07/2010,0,,0,2010,40360,26,C,0,0
28/07/2010,0,,0,2010,40360,27,C,0,0
29/07/2010,0,,0,2010,40360,28,C,0,0
30/07/2010,0,,0,2010,40360,29,C,0,0
31/07/2010,0,,0,2010,40360,30,C,0,0
01/08/2010,0,,0,2010,40360,31,C,0,0
02/08/2010,0,,0,2010,40360,32,C,0,0
24/08/2010,0,,0,2010,40414,0,C,0,0
25/08/2010,700,1,0,2010,40414,1,C,1,1
26/08/2010,0,,0,2010,40414,2,C,0,0
27/08/2010,0,,0,2010,40414,3,C,0,0
28/08/2010,1,,0,2010,40414,4,C,1,0
29/08/2010,1,,0,2010,40414,5,C,1,0
30/08/2010,257,,0,2010,40414,6,C,1,1
31/08/2010,0,,0,2010,40414,7,C,0,0
01/09/2010,1,,0,2010,40414,8,C,1,0
02/09/2010,1,,0,2010,40414,9,C,1,0
03/09/2010,1,,0,2010,40414,10,C,1,0
13/09/2010,1,,0,2010,40424,10,C,1,0
14/09/2010,1,,0,2010,40435,0,C,1,0
15/09/2010,0,,0,2010,40435,1,C,0,0
16/09/2010,0,,0,2010,40435,2,C,0,0
17/09/2010,742,,0,2010,40435,3,C,1,1
18/09/2010,2,,0,2010,40435,4,C,1,0
19/09/2010,1,,0,2010,40435,5,C,1,0
20/09/2010,0,,0,2010,40435,6,C,0,0
21/09/2010,0,,0,2010,40435,7,C,0,0
22/09/2010,0,,0,2010,40435,8,C,0,0
23/09/2010,0,,0,2010,40435,9,C,0,0
24/09/2010,0,,0,2010,40435,10,C,0,0
25/09/2010,0,,0,2010,40435,11,C,0,0
26/09/2010,0,,0,2010,40435,12,C,0,0
27/09/2010,17,,0,2010,40435,13,C,1,1
28/09/2010,0,,0,2010,40435,14,C,0,0
30/09/2010,0,,0,2010,40451,0,C,0,0
01/10/2010,0,,0,2010,40451,1,C,0,0
02/10/2010,0,,0,2010,40451,2,C,0,0
03/10/2010,1,,0,2010,40451,3,C,1,0
04/10/2010,0,,0,2010,40451,4,C,0,0
05/10/2010,1,,0,2010,40451,5,C,1,0
06/10/2010,0,,0,2010,40451,6,C,0,0
07/10/2010,0,,0,2010,40451,7,C,0,0
08/10/2010,0,,0,2010,40451,8,C,0,0
09/10/2010,0,,0,2010,40451,9,C,0,0
10/10/2010,0,,0,2010,40451,10,C,0,0
11/10/2010,0,,0,2010,40451,11,C,0,0
13/10/2010,1,,0,2010,40451,13,C,1,0
20/10/2010,1,,0,2010,40471,0,C,1,0
21/10/2010,0,,0,2010,40471,1,C,0,0
22/10/2010,1,,0,2010,40471,2,C,1,0
23/10/2010,0,,0,2010,40471,3,C,0,0
24/10/2010,1,,1,2010,40471,4,C,1,0
25/10/2010,767,,0,2010,40471,5,C,3,1
26/10/2010,0,,0,2010,40471,6,C,0,0
27/10/2010,778,,1,2010,40471,7,C,1,1
28/10/2010,0,,0,2010,40471,8,C,0,0
29/10/2010,0,,0,2010,40471,9,C,0,0
30/10/2010,0,,0,2010,40471,10,C,0,0
31/10/2010,0,,0,2010,40471,11,C,0,0
01/11/2010,0,,0,2010,40471,12,C,0,0
02/11/2010,669,,0,2010,40471,13,C,2,1
03/11/2010,871,,0,2010,40471,14,C,1,1
04/11/2010,796,,0,2010,40486,0,C,2,1
05/11/2010,865,,0,2010,40486,1,C,2,1
06/11/2010,781,2,0,2010,40486,2,C,2,1
07/11/2010,749,,0,2010,40486,3,C,1,1
08/11/2010,777,,0,2010,40486,4,C,1,1
09/11/2010,785,2,0,2010,40486,5,C,2,1
10/11/2010,858,,0,2010,40486,6,C,1,1
11/11/2010,829,,1,2010,40486,7,C,1,1
12/11/2010,722,,0,2010,40486,8,PN,1,1
13/11/2010,832,,0,2010,40486,9,PN,1,1
14/11/2010,815,,0,2010,40486,10,PN,2,1
15/11/2010,730,,0,2010,40486,11,PN,1,1
16/11/2010,792,,0,2010,40486,12,PN,2,1
17/11/2010,786,,1,2010,40486,13,PN,2,1
20/11/2010,700,1,0,2010,40500,2,PN,1,1
21/11/2010,673,,0,2010,40500,3,PN,1,1
22/11/2010,0,,0,2010,40500,4,PN,0,0
23/11/2010,700,1,0,2010,40500,5,PN,1,1
24/11/2010,1,,0,2010,40500,6,PN,1,0
25/11/2010,700,2,0,2010,40500,7,PN,2,1
26/11/2010,769,1,0,2010,40500,8,PN,1,1
27/11/2010,1,,0,2010,40500,9,PN,1,0
28/11/2010,1,,0,2010,40500,10,PN,1,0
29/11/2010,0,,0,2010,40500,11,PN,0,0
30/11/2010,700,1,0,2010,40500,12,PN,1,1
01/12/2010,1004,,0,2010,40500,13,PN,2,1
02/12/2010,664,1,0,2010,40500,14,PN,2,1
03/12/2010,196,1,0,2010,40500,15,PN,1,1
04/12/2010,700,1,0,2010,40500,16,PN,1,1
05/12/2010,871,,0,2010,40501,17,PN,2,1
06/12/2010,700,1,0,2010,40500,18,PN,1,1
07/12/2010,700,1,0,2010,40500,19,PN,1,1
08/12/2010,0,,0,2010,40500,20,PN,0,0
09/12/2010,700,1,0,2010,40521,0,PN,1,1
10/12/2010,1,,0,2010,40521,1,PN,1,0
11/12/2010,844,2,0,2010,40521,2,PN,3,1
12/12/2010,708,,0,2010,40521,3,PN,1,1
13/12/2010,779,,0,2010,40521,4,PN,2,1
14/12/2010,638,,0,2010,40521,5,N,1,1
15/12/2010,678,1,0,2010,40521,6,N,1,1
16/12/2010,1,,0,2010,40521,7,N,1,0
17/12/2010,700,1,0,2010,40521,8,N,1,1
18/12/2010,992,,0,2010,40521,9,N,1,1
19/12/2010,700,1,0,2010,40521,10,N,1,1
20/12/2010,1,,0,2010,40532,0,N,1,0
21/12/2010,1,,0,2010,40532,1,N,1,0
22/12/2010,480,1,0,2010,40532,2,N,1,1
23/12/2010,294,,1,2010,40532,3,N,1,1
24/12/2010,302,,0,2010,40532,4,N,1,1
25/12/2010,700,2,0,2010,40532,5,N,2,1
26/12/2010,700,1,0,2010,40532,6,N,2,1
27/12/2010,1109,,1,2010,40532,7,N,2,1
28/12/2010,462,,0,2010,40532,8,N,1,1
29/12/2010,732,,0,2010,40532,9,N,3,1
30/12/2010,1111,,0,2010,40532,10,N,1,1
31/12/2010,795,,0,2010,40532,11,N,2,1
01/01/2011,700,1,0,2011,40532,12,N,1,1
02/01/2011,929,,0,2011,40532,13,N,1,1
03/01/2011,1,,0,2011,40532,14,N,1,0
04/01/2011,700,1,0,2011,40532,15,N,1,1
05/01/2011,774,1,0,2011,40548,0,N,2,1
06/01/2011,1177,1,1,2011,40548,1,N,3,1
07/01/2011,700,2,0,2011,40548,2,N,3,1
08/01/2011,700,2,0,2011,40548,3,N,2,1
09/01/2011,700,2,0,2011,40548,4,N,2,1
10/01/2011,1,,0,2011,40548,5,N,1,0
11/01/2011,700,1,0,2011,40548,6,N,1,1
12/01/2011,1,,0,2011,40548,7,N,2,0
13/01/2011,1,,0,2011,40548,8,N,2,0
14/01/2011,845,,0,2011,40548,9,N,1,1
15/01/2011,1,,0,2011,40548,10,N,1,0
16/01/2011,1,,0,2011,40548,11,N,1,0
17/01/2011,878,,0,2011,40548,12,N,1,1
18/01/2011,901,,0,2011,40548,13,N,1,1
19/01/2011,1,,0,2011,40562,0,N,1,0
20/01/2011,700,1,0,2011,40562,1,N,1,1
21/01/2011,793,3,0,2011,40562,2,N,3,1
22/01/2011,865,,0,2011,40562,3,N,2,1
23/01/2011,781,,0,2011,40562,4,N,2,1
24/01/2011,749,,0,2011,40562,5,N,2,1
25/01/2011,4,1,1,2011,40562,6,N,3,0
26/01/2011,777,,0,2011,40562,7,N,2,1
27/01/2011,1,3,0,2011,40562,8,N,3,0
28/01/2011,785,,0,2011,40562,9,N,3,1
29/01/2011,858,,0,2011,40562,10,N,2,1
30/01/2011,700,1,0,2011,40562,11,N,1,1
31/01/2011,700,1,0,2011,40562,12,N,2,1
01/02/2011,829,,0,2011,40562,13,N,2,1
02/02/2011,815,,1,2011,40576,0,N,2,1
03/02/2011,1,,0,2011,40576,1,N,2,0
04/02/2011,722,,0,2011,40576,2,N,3,1
05/02/2011,832,,0,2011,40576,3,N,2,1
06/02/2011,815,,0,2011,40576,4,N,2,1
07/02/2011,700,1,0,2011,40576,5,N,2,1
08/02/2011,700,2,0,2011,40576,6,N,2,1
09/02/2011,700,2,0,2011,40583,7,N,2,1
10/02/2011,778,,0,2011,40583,1,N,2,1
11/02/2011,700,1,1,2011,40583,2,N,3,1
12/02/2011,1,,0,2011,40583,3,N,1,0
13/02/2011,700,1,0,2011,40583,4,N,2,1
14/02/2011,749,1,1,2011,40583,5,N,1,1
15/02/2011,1099,,0,2011,40583,6,N,1,1
16/02/2011,794,,0,2011,40583,7,N,1,1
17/02/2011,0,,0,2011,40583,8,N,0,0
18/02/2011,0,,0,2011,40583,9,N,0,0
19/02/2011,710,,1,2011,40583,10,N,3,1
20/02/2011,938,,0,2011,40583,11,N,2,1
21/02/2011,822,,0,2011,40583,12,N,3,1
22/02/2011,883,,0,2011,40583,13,ER,2,1
23/02/2011,755,,0,2011,40597,0,ER,3,1
24/02/2011,700,3,0,2011,40597,1,ER,3,1
25/02/2011,723,,0,2011,40597,2,ER,1,1
26/02/2011,692,,0,2011,40597,3,ER,1,1
27/02/2011,850,,1,2011,40597,4,ER,2,1
28/02/2011,0,,0,2011,40597,5,ER,0,0
01/03/2011,0,,0,2011,40597,6,ER,0,0
02/03/2011,0,,0,2011,40597,7,ER,0,0
03/03/2011,833,,1,2011,40597,8,ER,1,1
04/03/2011,0,,0,2011,40597,9,ER,0,0
05/03/2011,952,,0,2011,40607,0,ER,1,1
06/03/2011,780,,0,2011,40607,1,ER,1,1
07/03/2011,1265,,0,2011,40607,2,ER,3,1
08/03/2011,846,,0,2011,40607,3,ER,3,1
09/03/2011,1062,,0,2011,40607,4,ER,3,1
10/03/2011,1109,,1,2011,40607,5,ER,4,1
11/03/2011,2503,,0,2011,40607,6,ER,4,1
12/03/2011,989,,1,2011,40607,7,ER,4,1
13/03/2011,1152,,1,2011,40607,8,ER,3,1
14/03/2011,0,,0,2011,40607,9,ER,0,0
15/03/2011,838,,0,2011,40616,1,ER,1,1
16/03/2011,917,,0,2011,40616,2,ER,3,1
17/03/2011,53,,0,2011,40616,3,ER,3,1
18/03/2011,0,,0,2011,40616,4,ER,0,0
19/03/2011,830,,1,2011,40616,5,ER,3,1
20/03/2011,0,,0,2011,40616,6,ER,0,0
21/03/2011,0,,0,2011,40616,7,ER,0,0
22/03/2011,956,,1,2011,40620,4,ER,3,1
23/03/2011,1016,,1,2011,40620,5,ER,3,1
24/03/2011,0,,0,2011,40620,6,ER,0,0
25/03/2011,857,,0,2011,40620,7,ER,1,1
26/03/2011,0,,0,2011,40620,8,ER,0,0
27/03/2011,0,,0,2011,40620,9,ER,0,0
28/03/2011,0,,0,2011,40620,10,ER,0,0
29/03/2011,0,,0,2011,40620,11,ER,0,0
30/03/2011,0,,0,2011,40620,12,ER,0,0
31/03/2011,0,,0,2011,40620,13,ER,0,0
01/04/2011,0,,0,2011,40620,14,ER,0,0
03/04/2011,14,,0,2011,40630,6,ER,1,0
04/04/2011,0,,0,2011,40630,7,ER,0,0
05/04/2011,0,,0,2011,40630,8,ER,0,0
06/04/2011,1126,,1,2011,40630,9,ER,3,1
07/04/2011,0,,0,2011,40630,10,ER,0,0
08/04/2011,0,,0,2011,40630,11,ER,0,0
09/04/2011,1214,,1,2011,40630,12,ER,3,1
10/04/2011,1173,,1,2011,40630,13,ER,3,1
11/04/2011,813,,1,2011,40630,14,ER,3,1
12/04/2011,0,,0,2011,40630,15,ER,0,0
13/04/2011,0,,0,2011,40630,16,ER,0,0
14/04/2011,1040,,0,2011,40630,17,ER,3,1
15/04/2011,0,,0,2011,40630,18,ER,0,0
16/04/2011,0,,0,2011,40630,19,ER,0,0
17/04/2011,1031,1,0,2011,40648,2,ER,3,1
18/04/2011,880,,1,2011,40648,3,ER,3,1
19/04/2011,0,,0,2011,40648,4,ER,0,0
20/04/2011,0,,0,2011,40648,5,ER,0,0
21/04/2011,923,,0,2011,40648,6,ER,4,1
22/04/2011,0,,0,2011,40648,7,ER,0,0
23/04/2011,0,,0,2011,40648,8,ER,0,0
24/04/2011,0,,0,2011,40648,9,MR,0,0
25/04/2011,901,,0,2011,40648,10,MR,3,1
26/04/2011,0,,0,2011,40648,11,MR,0,0
27/04/2011,0,,0,2011,40648,12,MR,0,0
28/04/2011,919,,0,2011,40661,0,MR,3,1
29/04/2011,889,,0,2011,40630,32,MR,3,1
30/04/2011,3,,0,2011,40661,2,MR,1,0
01/05/2011,0,,0,2011,40661,3,MR,0,0
02/05/2011,0,,0,2011,40661,4,MR,0,0
03/05/2011,869,,1,2011,40661,5,MR,3,1
04/05/2011,1,,0,2011,40661,6,MR,1,0
05/05/2011,0,,0,2011,40661,7,MR,0,0
06/05/2011,0,,0,2011,40661,8,MR,0,0
07/05/2011,0,,0,2011,40661,9,MR,0,0
08/05/2011,0,,0,2011,40661,10,MR,0,0
09/05/2011,0,,0,2011,40661,11,MR,0,0
10/05/2011,816,,0,2011,40661,12,MR,3,1
11/05/2011,5,,0,2011,40661,13,MR,1,0
12/05/2011,0,,0,2011,40661,14,MR,0,0
13/05/2011,1,,0,2011,40676,0,MR,1,0
14/05/2011,0,,0,2011,40676,1,MR,0,0
15/05/2011,0,,0,2011,40676,2,MR,0,0
16/05/2011,0,,0,2011,40676,3,MR,0,0
17/05/2011,0,,0,2011,40676,4,MR,0,0
18/05/2011,0,,0,2011,40676,5,MR,0,0
19/05/2011,0,,0,2011,40676,6,MR,0,0
20/05/2011,5,,1,2011,40676,7,MR,1,0
21/05/2011,0,,0,2011,40676,8,MR,0,0
22/05/2011,0,,0,2011,40676,9,MR,0,0
23/05/2011,700,3,0,2011,40676,10,MR,3,1
24/05/2011,0,,0,2011,40676,11,MR,0,0
25/05/2011,0,,0,2011,40676,12,MR,0,0
26/05/2011,700,3,0,2011,40676,13,MR,3,1
27/05/2011,0,,0,2011,40676,14,MR,0,0
28/05/2011,0,,0,2011,40676,15,MR,0,0
29/05/2011,0,,0,2011,40676,16,MR,0,0
30/05/2011,0,,0,2011,40676,17,MR,0,0
31/05/2011,1,,0,2011,40676,18,MR,1,0
26/11/2011,0,,0,2011,40872,1,C,0,0
27/11/2011,1,,0,2011,40872,2,C,1,0
20/12/2011,700,1,0,2011,40897,0,C,1,1
21/12/2011,0,,0,2011,40897,1,C,0,0
22/12/2011,0,,0,2011,40897,2,C,0,0
23/12/2011,6,,0,2011,40897,3,C,1,0
24/12/2011,0,,0,2011,40897,4,C,0,0
04/01/2012,1,,0,2012,40912,0,ER,1,0
05/01/2012,2,,0,2012,40912,1,ER,1,0
07/01/2012,1,,0,2012,40912,3,ER,1,0
08/01/2012,0,,0,2012,40912,4,ER,0,0
09/01/2012,0,,0,2012,40912,5,ER,0,0
10/01/2012,0,,0,2012,40912,6,ER,0,0
11/01/2012,0,,0,2012,40912,7,ER,0,0
12/01/2012,1,,0,2012,40912,8,ER,1,0
13/01/2012,700,1,0,2012,40912,9,ER,1,1
14/01/2012,13,,0,2012,40912,10,ER,2,0
15/01/2012,700,2,0,2012,40912,11,ER,3,1
16/01/2012,4,,0,2012,40912,12,ER,1,0
17/01/2012,13,,0,2012,40912,13,ER,1,0
18/01/2012,0,,0,2012,40912,14,ER,0,0
19/01/2012,0,,0,2012,40912,15,ER,0,0
20/01/2012,0,,0,2012,40912,16,ER,0,0
21/01/2012,2,,1,2012,40927,2,ER,1,0
22/01/2012,0,,0,2012,40927,3,ER,0,0
23/01/2012,5,,1,2012,40927,4,ER,1,0
24/01/2012,0,,0,2012,40927,5,ER,0,0
25/01/2012,3,,1,2012,40927,6,ER,1,0
26/01/2012,0,,0,2012,40927,7,ER,0,0
27/01/2012,0,,0,2012,40927,8,ER,0,0
28/01/2012,1,,1,2012,40927,9,ER,1,0
29/01/2012,21,,0,2012,40927,10,ER,1,1
30/01/2012,629,,1,2012,40927,11,ER,1,1
31/01/2012,1,,1,2012,40927,12,ER,1,0
01/02/2012,976,,1,2012,40927,13,ER,1,1
02/02/2012,700,1,0,2012,40941,0,ER,1,1
03/02/2012,1,,0,2012,40941,1,ER,1,0
04/02/2012,322,,1,2012,40941,2,ER,1,1
05/02/2012,1,,0,2012,40941,3,ER,1,0
06/02/2012,788,,0,2012,40941,4,ER,2,1
07/02/2012,651,,1,2012,40941,5,ER,1,1
08/02/2012,819,,0,2012,40941,6,ER,2,1
09/02/2012,1,,0,2012,40941,7,ER,1,0
10/02/2012,0,,0,2012,40941,8,ER,0,0
11/02/2012,318,1,1,2012,40941,9,ER,1,1
12/02/2012,823,,0,2012,40941,10,ER,2,1
13/02/2012,815,,0,2012,40941,11,ER,2,1
14/02/2012,862,,0,2012,41682,12,ER,2,1
15/02/2012,1,,1,2012,41682,13,ER,1,0
16/02/2012,1,,0,2012,41682,14,ER,1,0
17/02/2012,700,1,0,2012,40956,0,ER,1,1
18/02/2012,0,,0,2012,40956,1,ER,0,0
19/02/2012,869,,0,2012,40956,2,ER,1,1
20/02/2012,33,,1,2012,40956,3,ER,1,1
21/02/2012,1,,0,2012,40956,4,ER,1,0
22/02/2012,0,,0,2012,40956,5,ER,0,0
23/02/2012,0,,0,2012,40956,6,ER,0,0
24/02/2012,9,,1,2012,40956,7,ER,1,0
25/02/2012,0,,0,2012,40956,8,ER,0,0
26/02/2012,2,,0,2012,40956,9,ER,1,0
27/02/2012,1,,0,2012,40956,10,ER,1,0
28/02/2012,0,,0,2012,40956,11,ER,0,0
01/03/2012,1,,0,2012,40968,1,ER,1,0
02/03/2012,1,,1,2012,40968,2,MR,1,0
03/03/2012,0,,0,2012,40968,3,MR,0,0
04/03/2012,1,,1,2012,40968,4,MR,1,0
05/03/2012,0,,0,2012,40968,5,MR,0,0
06/03/2012,0,,0,2012,40968,6,MR,0,0
07/03/2012,0,,0,2012,40968,7,MR,0,0
08/03/2012,0,,0,2012,40968,8,MR,0,0
09/03/2012,833,,0,2012,40968,9,MR,1,1
10/03/2012,101,,0,2012,40968,10,MR,1,1
11/03/2012,0,,0,2012,40968,11,MR,0,0
12/03/2012,0,,0,2012,40968,12,MR,0,0
13/03/2012,0,,0,2012,40968,13,MR,0,0
14/03/2012,0,,0,2012,40968,14,MR,0,0
15/03/2012,1,,0,2012,40968,15,MR,1,0
16/03/2012,912,,1,2012,40984,0,MR,1,1
17/03/2012,0,,0,2012,40984,1,MR,0,0
18/03/2012,760,,0,2012,40984,2,MR,1,1
19/03/2012,799,,0,2012,40984,3,MR,3,1
20/03/2012,0,,0,2012,40984,4,MR,0,0
21/03/2012,0,,0,2012,40984,5,MR,0,0
22/03/2012,0,,0,2012,40984,6,MR,0,0
23/03/2012,956,,0,2012,40984,7,MR,3,1
24/03/2012,0,,0,2012,40984,8,MR,0,0
25/03/2012,0,,0,2012,40984,9,MR,0,0
26/03/2012,0,,0,2012,40984,10,MR,0,0
27/03/2012,1020,,1,2012,40984,11,MR,4,1
28/03/2012,0,,0,2012,40984,12,MR,0,0
29/03/2012,0,,0,2012,40984,13,MR,0,0
30/03/2012,0,,0,2012,40984,14,MR,0,0
31/03/2012,1111,,1,2012,40984,15,MR,3,1
01/04/2012,0,,0,2012,40984,16,MR,0,0
02/04/2012,0,,0,2012,40984,17,MR,0,0
19/04/2012,794,,1,2012,41015,3,MR,3,1
20/04/2012,898,,1,2012,41015,4,MR,1,1
21/04/2012,0,,0,2012,41015,5,MR,0,0
22/04/2012,0,,0,2012,41015,6,MR,0,0
23/04/2012,804,,0,2012,41015,7,MR,2,1
24/04/2012,0,,0,2012,41015,8,MR,0,0
25/04/2012,883,,0,2012,41015,9,MR,1,1
26/04/2012,0,,0,2012,41015,10,MR,0,0
27/04/2012,0,,0,2012,41015,11,MR,0,0
28/04/2012,0,,0,2012,41015,12,MR,0,0
29/04/2012,1052,,1,2012,41015,13,MR,2,1
30/04/2012,0,,0,2012,41015,14,MR,0,0
01/05/2012,937,,0,2012,41015,15,MR,2,1
02/05/2012,0,,0,2012,41015,16,LR,0,0
03/05/2012,0,,0,2012,41015,17,LR,0,0
04/05/2012,950,,1,2012,41015,18,LR,1,1
05/05/2012,0,,0,2012,41015,19,LR,0,0
06/05/2012,1002,,0,2012,41035,0,LR,2,1
07/05/2012,0,,0,2012,41035,1,LR,0,0
08/05/2012,0,,0,2012,41035,2,LR,0,0
09/05/2012,0,,0,2012,41035,3,LR,0,0
10/05/2012,0,,0,2012,41035,4,LR,0,0
11/05/2012,92,,0,2012,41035,5,LR,2,1
12/05/2012,0,,0,2012,41035,6,LR,0,0
13/05/2012,0,,0,2012,41035,7,LR,0,0
14/05/2012,932,,0,2012,41035,8,LR,2,1
15/05/2012,7,,0,2012,41035,9,LR,1,0
17/05/2012,996,,0,2012,41035,11,LR,2,1
18/05/2012,1113,,0,2012,41035,12,LR,2,1
19/05/2012,0,,0,2012,41035,13,LR,0,0
20/05/2012,0,,0,2012,41035,14,LR,0,0
21/05/2012,0,,0,2012,41035,15,LR,0,0
22/05/2012,0,,0,2012,41035,16,LR,0,0
23/05/2012,0,,0,2012,41035,17,LR,0,0
24/05/2012,0,,0,2012,41035,18,LR,0,0
25/05/2012,0,,0,2012,41035,19,LR,0,0
26/05/2012,1049,,1,2012,41035,20,LR,1,1
27/05/2012,0,,0,2012,41035,21,LR,0,0
28/05/2012,1077,,0,2012,41035,22,LR,1,1
29/05/2012,0,,0,2012,41035,23,LR,0,0
30/05/2012,0,,0,2012,41059,0,LR,0,0
31/05/2012,0,,0,2012,41059,1,LR,0,0
01/06/2012,960,,0,2012,41059,2,LR,2,1
02/06/2012,0,,0,2012,41059,3,LR,0,0
03/06/2012,0,,0,2012,41059,4,LR,0,0
04/06/2012,0,,0,2012,41059,5,LR,0,0
05/06/2012,0,,0,2012,41059,6,LR,0,0
06/06/2012,0,,0,2012,41059,7,LR,0,0
07/06/2012,0,,0,2012,41059,8,LR,0,0
08/06/2012,0,,0,2012,41059,9,LR,0,0
09/06/2012,843,,0,2012,41059,10,LR,1,1
10/06/2012,0,,0,2012,41059,11,LR,0,0
11/06/2012,781,,0,2012,41059,12,LR,1,1
12/06/2012,1001,,1,2012,41059,13,LR,1,1
13/06/2012,1023,,0,2012,41059,14,LR,2,1
14/06/2012,0,,0,2012,41059,15,LR,0,0
15/06/2012,0,,0,2012,41059,16,LR,0,0
16/06/2012,0,,0,2012,41059,17,LR,0,0
17/06/2012,978,,1,2012,41074,3,LR,3,1
18/06/2012,0,,0,2012,41074,4,LR,0,0
19/06/2012,0,,0,2012,41074,5,LR,0,0
20/06/2012,123,,0,2012,41074,6,LR,1,1
21/06/2012,700,2,1,2012,41074,7,LR,2,1
22/06/2012,0,,0,2012,41074,8,LR,0,0
23/06/2012,4,,1,2012,41074,9,LR,1,0
24/06/2012,0,,0,2012,41074,10,LR,0,0
25/06/2012,0,,0,2012,41074,11,LR,0,0
26/06/2012,976,,1,2012,41074,12,LR,1,1
27/06/2012,0,,0,2012,41074,13,LR,0,0
28/06/2012,0,,0,2012,41074,14,LR,0,0
29/06/2012,0,,0,2012,41074,15,LR,0,0
30/06/2012,0,,0,2012,41074,16,LR,0,0
01/07/2012,0,,0,2012,41074,17,C,0,0
02/07/2012,1,,1,2012,41089,3,C,1,0
03/07/2012,0,,0,2012,41089,4,C,0,0
04/07/2012,749,,0,2012,41089,5,C,2,1
05/07/2012,701,,0,2012,41089,6,C,1,1
06/07/2012,0,,0,2012,41089,7,C,0,0
07/07/2012,1,,0,2012,41089,8,C,1,0
08/07/2012,0,,0,2012,41089,9,C,0,0
09/07/2012,0,,0,2012,41089,10,C,0,0
10/07/2012,837,,0,2012,41089,11,C,2,1
11/07/2012,0,,0,2012,41089,12,C,0,0
12/07/2012,0,,0,2012,41089,13,C,0,0
13/07/2012,0,,0,2012,41089,14,C,0,0
14/07/2012,0,,0,2012,41089,15,C,0,0
15/07/2012,0,,0,2012,41089,16,C,0,0
16/07/2012,0,,0,2012,41089,17,C,0,0
17/07/2012,0,,0,2012,41089,18,C,0,0
18/08/2012,0,,0,2012,41138,1,C,0,0
19/08/2012,0,,0,2012,41138,2,C,0,0
20/08/2012,0,,0,2012,41138,3,C,0,0
21/08/2012,1,,0,2012,41138,4,C,1,0
22/08/2012,0,,0,2012,41138,5,C,0,0
23/08/2012,0,,0,2012,41138,6,C,0,0
24/08/2012,2,,0,2012,41138,7,C,1,0
25/08/2012,0,,0,2012,41138,8,C,0,0
26/08/2012,0,,0,2012,41138,9,C,0,0
27/08/2012,1,,0,2012,41138,10,C,1,0
28/08/2012,4,,1,2012,41138,11,C,1,0
29/08/2012,3,,0,2012,41138,12,C,1,0
30/08/2012,0,,0,2012,41138,13,C,0,0
31/08/2012,0,,0,2012,41151,1,C,0,0
01/09/2012,0,,0,2012,41151,2,C,0,0
02/09/2012,0,,0,2012,41151,3,C,0,0
03/09/2012,4,,1,2012,41151,4,C,1,0
04/09/2012,0,,0,2012,41151,5,C,0,0
05/09/2012,0,,0,2012,41151,6,C,0,0
06/09/2012,0,,0,2012,41151,7,C,0,0
07/09/2012,0,,0,2012,41151,8,C,0,0
08/09/2012,0,,0,2012,41151,9,C,0,0
09/09/2012,0,,0,2012,41151,10,C,0,0
10/09/2012,0,,0,2012,41151,11,C,0,0
11/09/2012,0,,0,2012,41151,12,C,0,0
12/09/2012,0,,0,2012,41151,13,C,0,0
13/09/2012,2,,0,2012,41165,0,C,1,0
14/09/2012,0,,0,2012,41165,1,C,0,0
15/09/2012,0,,0,2012,41165,2,C,0,0
16/09/2012,0,,0,2012,41165,3,C,0,0
17/09/2012,0,,0,2012,41165,4,C,0,0
18/09/2012,3,,1,2012,41165,5,C,1,0
19/09/2012,0,,0,2012,41165,6,C,0,0
20/09/2012,0,,0,2012,41165,7,C,0,0
21/09/2012,0,,0,2012,41165,8,C,0,0
22/09/2012,0,,0,2012,41165,9,C,0,0
23/09/2012,0,,0,2012,41165,10,C,0,0
24/09/2012,2,,0,2012,41165,11,C,1,0
25/09/2012,0,,0,2012,41165,12,C,0,0
26/09/2012,0,,0,2012,41165,13,C,0,0
27/09/2012,0,,0,2012,41165,14,C,0,0
28/09/2012,700,1,0,2012,41180,0,C,1,1
29/09/2012,0,,0,2012,41180,1,C,0,0
30/09/2012,0,,0,2012,41180,2,C,0,0
01/10/2012,1,,0,2012,41180,3,C,1,0
02/10/2012,2,,0,2012,41180,4,C,1,0
03/10/2012,1,,0,2012,41180,5,C,1,0
04/10/2012,1,,0,2012,41180,6,C,1,0
05/10/2012,0,,0,2012,41180,7,C,0,0
06/10/2012,0,,0,2012,41180,8,C,0,0
07/10/2012,0,,0,2012,41180,9,C,0,0
08/10/2012,0,,0,2012,41180,10,C,0,0
09/10/2012,2,,0,2012,41180,11,C,1,0
10/10/2012,43,,0,2012,41180,12,C,1,1
11/10/2012,0,,0,2012,41180,13,C,0,0
12/10/2012,0,,0,2012,41180,14,C,0,0
13/10/2012,0,,0,2012,41180,15,C,0,0
14/10/2012,0,,0,2012,41180,16,C,0,0
15/10/2012,0,,0,2012,41180,17,C,0,0
16/10/2012,3,,0,2012,41180,18,C,1,0
17/10/2012,1,,0,2012,41180,19,C,1,0
18/10/2012,0,,0,2012,41180,20,C,0,0
19/10/2012,0,,0,2012,41180,21,C,0,0
20/10/2012,2,,0,2012,41180,22,C,1,0
21/10/2012,0,,0,2012,41180,23,C,0,0
22/10/2012,1,,1,2012,41204,0,C,1,0
23/10/2012,1,,0,2012,41204,1,C,1,0
24/10/2012,0,,0,2012,41204,2,C,0,0
25/10/2012,0,,0,2012,41204,3,C,0,0
26/10/2012,0,,0,2012,41204,4,C,0,0
27/10/2012,0,,0,2012,41204,5,C,0,0
28/10/2012,1,,0,2012,41204,6,C,1,0
29/10/2012,0,,0,2012,41204,7,C,0,0
30/10/2012,1,,0,2012,41204,8,C,1,0
31/10/2012,0,,0,2012,41204,9,C,0,0
01/11/2012,0,,0,2012,41204,10,C,0,0
02/11/2012,1,,0,2012,41204,11,C,1,0
03/11/2012,0,,0,2012,41204,12,C,0,0
04/11/2012,0,,0,2012,41204,13,C,0,0
05/11/2012,0,,0,2012,41204,14,C,0,0
06/11/2012,0,,0,2012,41204,15,C,0,0
07/11/2012,0,,0,2012,41204,16,C,0,0
08/11/2012,0,,0,2012,41221,0,C,0,0
09/11/2012,1,,0,2012,41221,1,C,1,0
10/11/2012,2,,0,2012,41221,2,C,1,0
11/11/2012,0,,0,2012,41221,3,C,0,0
12/11/2012,0,,0,2012,41221,4,C,0,0
13/11/2012,0,,0,2012,41221,5,C,0,0
14/11/2012,1,,0,2012,41221,6,C,1,0
15/11/2012,0,,0,2012,41221,7,C,0,0
16/11/2012,0,,0,2012,41221,8,C,0,0
17/11/2012,1,,1,2012,41221,9,C,1,0
18/11/2012,1,,0,2012,41221,10,C,1,0
19/11/2012,0,,0,2012,41221,11,C,0,0
20/11/2012,1,,0,2012,41221,12,C,1,0
21/11/2012,0,,0,2012,41234,0,C,0,0
22/11/2012,0,,0,2012,41234,1,C,0,0
23/11/2012,1,,0,2012,41234,2,C,1,0
24/11/2012,0,,0,2012,41234,3,C,0,0
25/11/2012,0,,0,2012,41234,4,C,0,0
26/11/2012,1,,0,2012,41234,5,C,1,0
27/11/2012,0,,0,2012,41234,6,C,0,0
28/11/2012,0,,0,2012,41234,7,C,0,0
29/11/2012,0,,0,2012,41234,8,C,0,0
30/11/2012,0,,0,2012,41234,9,C,0,0
01/12/2012,0,,0,2012,41234,10,C,0,0
02/12/2012,2,,0,2012,41234,11,C,1,0
03/12/2012,0,,0,2012,41234,12,C,0,0
04/12/2012,0,,0,2012,41234,13,C,0,0
05/12/2012,0,,0,2012,41248,0,C,0,0
06/12/2012,0,,0,2012,41248,1,C,0,0
07/12/2012,0,,0,2012,41248,2,C,0,0
08/12/2012,1,,0,2012,41248,3,C,1,0
09/12/2012,644,,0,2012,41248,4,C,1,1
10/12/2012,0,,0,2012,41248,5,C,0,0
11/12/2012,1,,0,2012,41248,6,C,1,0
12/12/2012,700,1,0,2012,41248,7,C,1,1
13/12/2012,1,,0,2012,41248,8,C,1,0
14/12/2012,1,1,0,2012,41257,0,C,1,0
15/12/2012,621,,0,2012,41257,1,ER,3,1
16/12/2012,0,,0,2012,41257,2,ER,0,0
17/12/2012,0,,0,2012,41257,3,ER,0,0
18/12/2012,0,,0,2012,41257,4,ER,0,0
19/12/2012,0,,0,2012,41257,5,ER,0,0
20/12/2012,0,,0,2012,41257,6,ER,0,0
21/12/2012,0,,0,2012,41257,7,ER,0,0
22/12/2012,0,,0,2012,41257,8,ER,0,0
23/12/2012,0,,0,2012,41257,9,ER,0,0
24/12/2012,0,,0,2012,41257,10,ER,0,0
25/12/2012,190,,1,2012,41257,11,ER,1,1
29/12/2012,1,,1,2012,41271,1,ER,1,0
30/12/2012,0,,0,2012,41271,2,ER,0,0
31/12/2012,0,,0,2012,41271,3,ER,0,0
01/01/2013,0,,0,2013,41271,4,ER,0,0
02/01/2013,0,,0,2013,41271,5,ER,0,0
03/01/2013,0,,0,2013,41271,6,ER,0,0
04/01/2013,0,,0,2013,41271,7,ER,0,0
05/01/2013,0,,0,2013,41271,8,ER,0,0
06/01/2013,0,,0,2013,41271,9,ER,0,0
07/01/2013,0,,0,2013,41271,10,ER,0,0
08/01/2013,1,,0,2013,41278,4,ER,1,0
09/01/2013,733,,0,2013,41278,5,ER,1,1
11/01/2013,0,,0,2013,41278,7,ER,0,0
12/01/2013,15,,1,2013,41278,8,ER,1,0
13/01/2013,1,,0,2013,41278,9,ER,1,0
14/01/2013,0,,0,2013,41278,10,MR,0,0
15/01/2013,0,,0,2013,41278,11,MR,0,0
16/01/2013,0,,0,2013,41278,12,MR,0,0
17/01/2013,0,,0,2013,41278,13,MR,0,0
18/01/2013,0,,0,2013,41292,0,MR,0,0
19/01/2013,0,,0,2013,41292,1,MR,0,0
20/01/2013,656,,1,2013,41292,2,MR,1,1
21/01/2013,1,,0,2013,41292,3,MR,1,0
22/01/2013,725,,1,2013,41292,4,MR,3,1
23/01/2013,782,,1,2013,41292,5,MR,3,1
24/01/2013,0,,0,2013,41292,6,MR,0,0
25/01/2013,0,,0,2013,41292,7,MR,0,0
26/01/2013,1421,,1,2013,41292,8,MR,3,1
27/01/2013,171,,0,2013,41292,9,MR,3,1
28/01/2013,0,,0,2013,41292,10,MR,0,0
29/01/2013,0,,0,2013,41292,11,MR,0,0
30/01/2013,0,,0,2013,41292,12,MR,0,0
31/01/2013,0,,0,2013,41292,13,MR,0,0
01/02/2013,693,,1,2013,41306,0,MR,1,1
02/02/2013,741,,0,2013,41306,1,MR,4,1
03/02/2013,782,,0,2013,41306,2,MR,1,1
04/02/2013,0,,0,2013,41306,3,MR,0,0
05/02/2013,0,,0,2013,41306,4,MR,0,0
06/02/2013,0,,0,2013,41306,5,MR,0,0
07/02/2013,0,,0,2013,41306,6,MR,0,0
08/02/2013,807,,1,2013,41306,7,MR,4,1
09/02/2013,789,,0,2013,41306,8,MR,1,1
10/02/2013,0,,0,2013,41306,9,MR,0,0
11/02/2013,0,,0,2013,41306,10,MR,0,0
12/02/2013,0,,0,2013,41306,11,MR,0,0
13/02/2013,778,,1,2013,41306,12,MR,1,1
14/02/2013,0,,0,2013,41306,13,MR,0,0
15/02/2013,0,,0,2013,41306,14,MR,0,0
16/02/2013,694,,1,2013,41306,15,MR,3,1
17/02/2013,0,,0,2013,41306,16,MR,0,0
18/02/2013,795,,1,2013,41306,17,MR,1,1
19/02/2013,741,,0,2013,41306,18,MR,3,1
20/02/2013,0,,0,2013,41306,19,MR,0,0
21/02/2013,8,,0,2013,41326,0,MR,1,0
22/02/2013,0,,0,2013,41326,1,MR,0,0
23/02/2013,0,,0,2013,41326,2,MR,0,0
24/02/2013,720,,0,2013,41326,3,MR,1,1
25/02/2013,807,,1,2013,41326,4,MR,1,1
26/02/2013,875,,0,2013,41326,5,MR,1,1
27/02/2013,0,,0,2013,41326,6,MR,0,0
28/02/2013,740,,0,2013,41326,7,MR,1,1
01/03/2013,0,,0,2013,41326,8,MR,0,0
02/03/2013,779,,1,2013,41326,9,MR,4,1
03/03/2013,887,,1,2013,41326,10,MR,1,1
04/03/2013,0,,0,2013,41326,11,MR,0,0
05/03/2013,810,,0,2013,41326,12,MR,1,1
06/03/2013,0,,0,2013,41326,13,MR,0,0
07/03/2013,769,,0,2013,41326,14,MR,1,1
08/03/2013,0,,0,2013,41326,15,MR,0,0
09/03/2013,0,,0,2013,41326,16,MR,0,0
10/03/2013,787,,1,2013,41326,17,MR,1,1
11/03/2013,901,,0,2013,41326,18,MR,1,1
12/03/2013,844,,1,2013,41326,19,MR,3,1
13/03/2013,2,,1,2013,41326,20,MR,1,0
14/03/2013,0,,0,2013,41326,21,MR,0,0
15/03/2013,0,,0,2013,41326,22,MR,0,0
27/03/2013,0,,0,2013,41357,3,MR,0,0
17/04/2013,0,,0,2013,41381,0,LR,0,0
18/04/2013,876,,1,2013,41381,1,LR,3,1
19/04/2013,854,,1,2013,41381,2,LR,3,1
20/04/2013,23,,0,2013,41381,3,LR,1,1
21/04/2013,0,,0,2013,41381,4,LR,0,0
22/04/2013,942,2,0,2013,41381,5,LR,3,1
23/04/2013,77,,1,2013,41381,6,LR,3,1
24/04/2013,0,,0,2013,41381,7,LR,0,0
25/04/2013,838,,0,2013,41381,8,LR,3,1
26/04/2013,964,,1,2013,41381,9,LR,1,1
27/04/2013,0,,0,2013,41381,10,LR,0,0
28/04/2013,1,,1,2013,41381,11,LR,1,0
29/04/2013,0,,0,2013,41381,12,LR,0,0
30/04/2013,874,,1,2013,41381,13,LR,3,1
01/05/2013,0,,0,2013,41381,14,LR,0,0
02/05/2013,1003,,0,2013,41381,15,LR,1,1
03/05/2013,0,,0,2013,41381,16,LR,0,0
04/05/2013,823,,1,2013,41381,17,LR,3,1
05/05/2013,892,3,0,2013,41399,0,LR,3,1
17/05/2013,0,,0,2013,41411,0,LR,0,0
18/05/2013,1,,0,2013,41411,1,LR,2,0
19/05/2013,0,,0,2013,41411,2,LR,0,0
20/05/2013,0,,0,2013,41411,3,LR,0,0
21/05/2013,0,,0,2013,41411,4,LR,0,0
22/05/2013,1,,0,2013,41411,5,LR,1,0
23/05/2013,0,,0,2013,41411,6,LR,0,0
24/05/2013,0,,0,2013,41411,7,LR,0,0
25/05/2013,0,,0,2013,41411,8,LR,0,0
30/05/2013,0,,0,2013,41424,0,LR,0,0
16/06/2013,0,,0,2013,41441,0,C,0,0
17/06/2013,0,,0,2013,41441,1,C,0,0
18/06/2013,0,,0,2013,41441,2,C,0,0
19/06/2013,7,,0,2013,41441,3,C,1,0
20/06/2013,1,,0,2013,41441,4,C,1,0
21/06/2013,0,,0,2013,41441,5,C,0,0
22/06/2013,0,,0,2013,41441,6,C,0,0
23/06/2013,1,,0,2013,41441,7,C,1,0
25/06/2013,0,,0,2013,41441,9,C,0,0
21/08/2013,0,,0,2013,41507,0,C,0,0
22/08/2013,0,,0,2013,41507,1,C,0,0
23/08/2013,0,,0,2013,41507,2,C,0,0
24/08/2013,0,,0,2013,41507,3,C,0,0
25/08/2013,0,,0,2013,41507,4,C,0,0
26/08/2013,1,,1,2013,41507,5,C,1,0
27/08/2013,0,,0,2013,41507,6,C,0,0
28/08/2013,0,,0,2013,41507,7,C,0,0
29/08/2013,0,,0,2013,41507,8,C,0,0
30/08/2013,0,,0,2013,41507,9,C,0,0
31/08/2013,0,,0,2013,41507,10,C,0,0
01/09/2013,0,,0,2013,41507,11,C,0,0
02/09/2013,0,,0,2013,41507,12,C,0,0
03/09/2013,0,,0,2013,41507,13,C,0,0
04/09/2013,0,,0,2013,41507,14,C,0,0
05/09/2013,0,,0,2013,41507,15,C,0,0
19/09/2013,0,,0,2013,41536,0,C,0,0
20/09/2013,0,,0,2013,41536,1,C,0,0
21/09/2013,0,,0,2013,41536,2,C,0,0
22/09/2013,0,,0,2013,41536,3,C,0,0
23/09/2013,0,,0,2013,41536,4,C,0,0
24/09/2013,0,,0,2013,41536,5,C,0,0
25/09/2013,0,,0,2013,41536,6,C,0,0
26/09/2013,0,,0,2013,41536,7,C,0,0
27/09/2013,0,,0,2013,41536,8,C,0,0
28/09/2013,1,,0,2013,41536,9,C,1,0
29/09/2013,0,,0,2013,41536,10,C,0,0
30/09/2013,1,,0,2013,41536,11,C,1,0
01/10/2013,0,,0,2013,41536,12,C,0,0
02/10/2013,0,,0,2013,41536,13,C,0,0
03/10/2013,0,,0,2013,41536,14,C,0,0
04/10/2013,0,,0,2013,41536,15,C,0,0
05/10/2013,0,,0,2013,41536,16,C,0,0
06/10/2013,0,,0,2013,41536,17,C,0,0
07/10/2013,0,,0,2013,41536,18,C,0,0
08/10/2013,0,,0,2013,41536,19,C,0,0
09/10/2013,0,,0,2013,41536,20,C,0,0
10/10/2013,0,,0,2013,41556,1,C,0,0
11/10/2013,0,,0,2013,41556,2,C,0,0
12/10/2013,0,,0,2013,41556,3,C,0,0
13/10/2013,0,,0,2013,41556,4,C,0,0
14/10/2013,0,,0,2013,41556,5,C,0,0
15/10/2013,0,,0,2013,41556,6,C,0,0
16/10/2013,0,,0,2013,41556,7,C,0,0
17/10/2013,1,,0,2013,41556,8,C,1,0
18/10/2013,0,,0,2013,41556,9,C,0,0
19/10/2013,0,,0,2013,41556,10,C,0,0
20/10/2013,0,,0,2013,41556,11,C,0,0
21/10/2013,0,,0,2013,41556,12,C,0,0
22/10/2013,0,,0,2013,41556,13,C,0,0
23/10/2013,0,,0,2013,41556,14,C,0,0
24/10/2013,0,,0,2013,41556,15,C,0,0
25/10/2013,1,,0,2013,41556,16,C,1,0
26/10/2013,0,,0,2013,41556,17,C,0,0
27/10/2013,0,,0,2013,41556,18,C,0,0
28/10/2013,0,,0,2013,41556,19,C,0,0
29/10/2013,0,,0,2013,41556,20,C,0,0
30/10/2013,0,,0,2013,41556,21,C,0,0
31/10/2013,0,,0,2013,41556,22,C,0,0
01/11/2013,0,,0,2013,41556,23,C,0,0
02/11/2013,0,,0,2013,41579,1,C,0,0
03/11/2013,0,,0,2013,41579,2,C,0,0
04/11/2013,0,,0,2013,41579,3,C,0,0
05/11/2013,0,,0,2013,41579,4,C,0,0
06/11/2013,8,,0,2013,41579,5,C,1,0
07/11/2013,0,,0,2013,41579,6,C,0,0
08/11/2013,0,,0,2013,41579,7,C,0,0
09/11/2013,700,2,1,2013,41579,8,ER,3,1
10/11/2013,2,,0,2013,41579,9,ER,1,0
11/11/2013,7,,0,2013,41579,10,ER,1,0
12/11/2013,1,,0,2013,41580,10,ER,1,0
13/11/2013,0,,0,2013,41590,1,ER,0,0
14/11/2013,24,,0,2013,41590,2,ER,1,1
15/11/2013,0,,0,2013,41590,3,ER,0,0
16/11/2013,0,,0,2013,41590,4,ER,0,0
17/11/2013,2,,0,2013,41590,5,ER,1,0
18/11/2013,2,,1,2013,41590,6,ER,1,0
19/11/2013,1,,1,2013,41590,7,ER,1,0
20/11/2013,8,,0,2013,41590,8,ER,1,0
21/11/2013,0,,0,2013,41590,9,ER,0,0
22/11/2013,4,,0,2013,41590,10,ER,1,0
23/11/2013,3,,0,2013,41590,11,ER,1,0
24/11/2013,1,,0,2013,41590,12,ER,1,0
25/11/2013,0,,0,2013,41590,13,ER,0,0
26/11/2013,0,,0,2013,41590,14,ER,0,0
27/11/2013,0,,0,2013,41590,15,ER,0,0
28/11/2013,4,,0,2013,41606,0,ER,1,0
29/11/2013,1,,0,2013,41606,1,ER,1,0
30/11/2013,0,,0,2013,41606,2,ER,0,0
01/12/2013,1,,0,2013,41606,3,ER,1,0
02/12/2013,1,,1,2013,41606,4,ER,1,0
03/12/2013,0,,0,2013,41606,5,ER,0,0
04/12/2013,1,,0,2013,41606,6,ER,1,0
05/12/2013,1,,0,2013,41606,7,ER,1,0
06/12/2013,1,,0,2013,41606,8,ER,1,0
07/12/2013,0,,0,2013,41606,9,ER,0,0
08/12/2013,1,,0,2013,41606,10,ER,1,0
09/12/2013,0,,0,2013,41606,11,ER,0,0
10/12/2013,0,,0,2013,41606,12,ER,0,0
11/12/2013,564,,0,2013,41606,13,ER,1,1
12/12/2013,0,,0,2013,41606,14,ER,0,0
13/12/2013,0,,0,2013,41606,15,ER,0,0
14/12/2013,700,1,0,2013,41606,16,ER,1,1
15/12/2013,444,,1,2013,41606,17,ER,1,1
16/12/2013,0,,0,2013,41606,18,ER,0,0
17/12/2013,854,,0,2013,41606,19,ER,1,1
18/12/2013,590,,0,2013,41606,20,ER,1,1
19/12/2013,2,,0,2013,41606,21,ER,1,0
20/12/2013,0,,0,2013,41628,0,ER,0,0
21/12/2013,3,,0,2013,41628,1,ER,1,0
22/12/2013,631,,0,2013,41628,2,ER,1,1
23/12/2013,1,,0,2013,41629,2,ER,1,0
24/12/2013,798,,0,2013,41628,4,ER,1,1
25/12/2013,0,,0,2013,41628,5,ER,0,0
26/12/2013,0,,0,2013,41628,6,ER,0,0
27/12/2013,90,,1,2013,41628,7,ER,1,1
28/12/2013,3,,0,2013,41628,8,ER,1,0
29/12/2013,0,,0,2013,41628,9,ER,0,0
30/12/2013,143,,1,2013,41628,10,ER,1,1
31/12/2013,0,,0,2013,41628,11,ER,0,0
01/01/2014,388,,0,2014,41628,12,ER,1,1
02/01/2014,2,,0,2014,41628,13,ER,1,0
03/01/2014,602,,0,2014,41628,14,ER,1,1
04/01/2014,0,,0,2014,41628,15,ER,0,0
05/01/2014,683,,0,2014,41628,16,ER,1,1
06/01/2014,0,,0,2014,41628,17,ER,0,0
07/01/2014,1,,0,2014,41646,0,ER,1,0
08/01/2014,1,,0,2014,41646,1,ER,1,0
09/01/2014,602,,0,2014,41646,2,ER,1,1
10/01/2014,0,,0,2014,41646,3,MR,0,0
11/01/2014,0,,0,2014,41646,4,MR,0,0
12/01/2014,630,,0,2014,41651,0,MR,1,1
13/01/2014,320,,0,2014,41651,1,MR,1,1
14/01/2014,654,,0,2014,41651,2,MR,1,1
15/01/2014,693,,0,2014,41651,3,MR,1,1
17/01/2014,1,,0,2014,41651,5,MR,1,0
18/01/2014,671,,0,2014,41651,6,MR,1,1
19/01/2014,596,,0,2014,41651,7,MR,1,1
20/01/2014,0,,0,2014,41651,8,MR,0,0
21/01/2014,664,,0,2014,41651,9,MR,1,1
22/01/2014,607,,0,2014,41651,10,MR,1,1
23/01/2014,634,,1,2014,41662,0,MR,1,1
24/01/2014,721,,0,2014,41662,1,MR,1,1
25/01/2014,573,,0,2014,41662,2,MR,1,1
26/01/2014,603,,0,2014,41662,3,MR,1,1
27/01/2014,596,,0,2014,41662,4,MR,1,1
28/01/2014,651,,0,2014,41662,5,MR,1,1
29/01/2014,0,,0,2014,41662,6,MR,0,0
30/01/2014,177,,0,2014,41662,7,MR,1,1
31/01/2014,0,,0,2014,41662,8,MR,0,0
01/02/2014,1,,0,2014,41662,9,MR,1,0
02/02/2014,559,,0,2014,41662,10,MR,1,1
03/02/2014,378,,0,2014,41662,11,MR,1,1
04/02/2014,402,,0,2014,41662,12,MR,1,1
05/02/2014,0,,0,2014,41662,13,MR,0,0
06/02/2014,639,,0,2014,41662,14,MR,1,1
07/02/2014,525,,0,2014,41662,15,MR,1,1
08/02/2014,0,,0,2014,41662,16,MR,0,0
09/02/2014,0,,0,2014,41662,17,MR,0,0
10/02/2014,470,,0,2014,41662,18,MR,1,1
11/02/2014,0,,0,2014,41662,19,MR,0,0
12/02/2014,0,,0,2014,41682,0,MR,0,0
13/02/2014,1,,0,2014,41682,1,MR,1,0
14/02/2014,638,,0,2014,41682,2,MR,2,1
15/02/2014,1,,0,2014,41682,3,MR,1,0
16/02/2014,643,,1,2014,41682,4,MR,1,1
17/02/2014,671,,0,2014,41683,5,MR,1,1
18/02/2014,0,,0,2014,41682,6,MR,0,0
19/02/2014,683,,0,2014,41682,7,MR,1,1
20/02/2014,9,,0,2014,41682,8,MR,2,0
21/02/2014,20,,1,2014,41682,9,MR,1,1
22/02/2014,584,,0,2014,41682,10,MR,1,1
23/02/2014,8,,0,2014,41682,11,MR,1,0
24/02/2014,600,2,0,2014,41694,0,MR,3,1
25/02/2014,0,,0,2014,41694,1,MR,0,0
26/02/2014,1,,0,2014,41694,2,MR,1,0
27/02/2014,960,,0,2014,41694,3,MR,2,1
28/02/2014,389,,0,2014,41694,4,MR,1,1
01/03/2014,562,,1,2014,41694,5,MR,1,1
02/03/2014,167,,1,2014,41695,6,MR,1,1
03/03/2014,346,,1,2014,41694,7,MR,1,1
04/03/2014,737,,0,2014,41694,8,MR,1,1
05/03/2014,0,,0,2014,41694,9,MR,0,0
06/03/2014,686,,1,2014,41694,10,MR,2,1
07/03/2014,813,,0,2014,41694,11,MR,2,1
08/03/2014,279,,1,2014,41694,12,MR,1,1
09/03/2014,0,,0,2014,41707,0,MR,0,0
10/03/2014,3,,1,2014,41707,1,MR,2,0
11/03/2014,799,,0,2014,41707,2,MR,1,1
12/03/2014,727,,1,2014,41707,3,LR,1,1
13/03/2014,731,,1,2014,41707,4,LR,2,1
14/03/2014,441,,0,2014,41707,5,LR,1,1
15/03/2014,75,,1,2014,41707,6,LR,1,1
16/03/2014,615,,0,2014,41707,7,LR,2,1
17/03/2014,0,,0,2014,41707,8,LR,0,0
18/03/2014,701,,0,2014,41707,9,LR,2,1
19/03/2014,75,,1,2014,41707,10,LR,1,1
20/03/2014,669,,1,2014,41707,11,LR,1,1
21/03/2014,0,,0,2014,41707,12,LR,0,0
22/03/2014,709,,1,2014,41707,13,LR,1,1
23/03/2014,728,,1,2014,41707,14,LR,3,1
24/03/2014,0,,0,2014,41722,0,LR,0,0
25/03/2014,700,1,1,2014,41722,1,LR,1,1
26/03/2014,775,,1,2014,41722,2,LR,2,1
28/03/2014,767,,0,2014,41722,4,LR,2,1
29/03/2014,409,,1,2014,41722,5,LR,1,1
30/03/2014,817,,0,2014,41722,6,LR,1,1
31/03/2014,0,,0,2014,41722,7,LR,0,0
01/04/2014,835,,1,2014,41722,8,LR,3,1
02/04/2014,849,,0,2014,41722,9,LR,1,1
03/04/2014,1063,,0,2014,41722,10,LR,3,1
04/04/2014,0,,0,2014,41722,11,LR,0,0
05/04/2014,1110,,0,2014,41722,12,LR,1,1
06/04/2014,812,,1,2014,41722,13,LR,2,1
07/04/2014,814,,0,2014,41722,14,LR,1,1
08/04/2014,948,,1,2014,41722,15,LR,2,1
09/04/2014,819,,0,2014,41738,0,LR,2,1
12/04/2014,919,,0,2014,41764,7,LR,3,1
13/04/2014,1,,0,2014,41764,8,LR,1,0
14/04/2014,839,,1,2014,41764,9,LR,2,1
16/04/2014,1,,1,2014,41764,11,LR,2,0
18/04/2014,1,,1,2014,41764,13,LR,1,0
19/04/2014,1,,0,2014,41764,14,LR,1,0
20/04/2014,952,,0,2014,41764,15,LR,1,1
21/04/2014,1,,0,2014,41764,16,LR,1,0
23/04/2014,885,,1,2014,41751,1,LR,2,1
24/04/2014,0,,0,2014,41751,2,LR,0,0
25/04/2014,917,,1,2014,41751,3,LR,2,1
26/04/2014,0,,0,2014,41751,4,LR,0,0
27/04/2014,0,,0,2014,41751,5,LR,0,0
28/04/2014,903,,0,2014,41751,6,LR,1,1
29/04/2014,0,,0,2014,41751,7,LR,0,0
30/04/2014,0,,0,2014,41751,8,LR,0,0
01/05/2014,0,,0,2014,41751,9,LR,0,0
02/05/2014,2,,0,2014,41751,10,LR,1,0
03/05/2014,1,,0,2014,41751,11,LR,1,0
04/05/2014,0,,0,2014,41751,12,LR,0,0
05/05/2014,3,,0,2014,41764,0,LR,1,0
06/05/2014,0,,0,2014,41764,1,LR,0,0
07/05/2014,323,,1,2014,41764,2,LR,1,1
08/05/2014,0,,0,2014,41764,3,LR,0,0
09/05/2014,6,,1,2014,41764,4,LR,1,0
10/05/2014,880,,0,2014,41764,5,LR,1,1
11/05/2014,20,,0,2014,41764,6,LR,2,1
12/05/2014,653,,0,2014,41765,7,C,1,1
13/05/2014,891,,0,2014,41764,8,C,1,1
15/05/2014,878,,0,2014,41764,10,C,1,1
17/05/2014,295,,1,2014,41764,12,C,2,1
20/05/2014,1,,1,2014,41765,14,C,1,0
22/05/2014,0,,0,2014,41781,0,C,0,0
23/05/2014,0,,0,2014,41781,1,C,0,0
24/05/2014,0,,0,2014,41781,2,C,0,0
25/05/2014,0,,0,2014,41781,3,C,0,0
26/05/2014,0,,0,2014,41781,4,C,0,0
27/05/2014,0,,0,2014,41781,5,C,0,0
28/05/2014,0,,0,2014,41781,6,C,0,0
29/05/2014,0,,0,2014,41781,7,C,0,0
30/05/2014,1,,1,2014,41781,8,C,1,0
31/05/2014,0,,0,2014,41781,9,C,0,0
01/06/2014,0,,0,2014,41781,10,C,0,0
02/06/2014,1,,0,2014,41781,11,C,1,0
03/06/2014,0,,0,2014,41793,0,C,0,0
04/06/2014,0,,0,2014,41793,1,C,0,0
05/06/2014,48,,1,2014,41793,2,C,2,1
06/06/2014,0,,0,2014,41793,3,C,0,0
07/06/2014,1,,0,2014,41793,4,C,1,0
08/06/2014,0,,0,2014,41793,5,C,0,0
09/06/2014,0,,0,2014,41793,6,C,0,0
10/06/2014,1,,0,2014,41793,7,C,1,0
11/06/2014,0,,0,2014,41793,8,C,0,0
12/06/2014,1046,,0,2014,41793,9,C,1,1
13/06/2014,0,,0,2014,41793,10,C,0,0
14/06/2014,0,,0,2014,41793,11,C,0,0
15/06/2014,0,,0,2014,41793,12,C,0,0
16/06/2014,0,,0,2014,41793,13,C,0,0
17/06/2014,0,,0,2014,41807,0,C,0,0
18/06/2014,2,,0,2014,41807,1,C,1,0
19/06/2014,1,,0,2014,41807,2,C,1,0
20/06/2014,0,,0,2014,41807,3,C,0,0
21/06/2014,1,,0,2014,41807,4,C,1,0
22/06/2014,0,,0,2014,41807,5,C,0,0
23/06/2014,0,,0,2014,41807,6,C,0,0
24/06/2014,0,,0,2014,41807,7,C,0,0
25/06/2014,0,,0,2014,41807,8,C,0,0
26/06/2014,0,,0,2014,41807,9,C,0,0
27/06/2014,0,,0,2014,41807,10,C,0,0
28/06/2014,0,,0,2014,41807,11,C,0,0
29/06/2014,0,,0,2014,41807,12,C,0,0
30/06/2014,0,,0,2014,41807,13,C,0,0
01/07/2014,0,,0,2014,41807,14,C,0,0
02/07/2014,3,,0,2014,41822,0,C,1,0
03/07/2014,0,,0,2014,41822,1,C,0,0
04/07/2014,0,,0,2014,41822,2,C,0,0
05/07/2014,0,,0,2014,41822,3,C,0,0
06/07/2014,0,,0,2014,41822,4,C,0,0
07/07/2014,3,,0,2014,41822,5,C,1,0
08/07/2014,0,,0,2014,41822,6,C,0,0
09/07/2014,0,,0,2014,41822,7,C,0,0
10/07/2014,1,,0,2014,41822,8,C,1,0
11/07/2014,0,,0,2014,41822,9,C,0,0
12/07/2014,0,,0,2014,41822,10,C,0,0
13/07/2014,0,,0,2014,41822,11,C,0,0
14/07/2014,0,,0,2014,41822,12,C,0,0
15/07/2014,0,,0,2014,41822,13,C,0,0
16/07/2014,0,,0,2014,41836,0,C,0,0
17/07/2014,0,,0,2014,41836,1,C,0,0
18/07/2014,1,,0,2014,41836,2,C,1,0
19/07/2014,0,,0,2014,41836,3,C,0,0
20/07/2014,0,,0,2014,41836,4,C,0,0
21/07/2014,0,,0,2014,41836,5,C,0,0
22/07/2014,0,,0,2014,41836,6,C,0,0
23/07/2014,0,,0,2014,41836,7,C,0,0
24/07/2014,0,,0,2014,41836,8,C,0,0
25/07/2014,0,,0,2014,41836,9,C,0,0
26/07/2014,0,,0,2014,41836,10,C,0,0
27/07/2014,1,,0,2014,41836,11,C,1,0
28/07/2014,0,,0,2014,41836,12,C,0,0
29/07/2014,0,,0,2014,41836,13,C,0,0
30/07/2014,6,,0,2014,41850,0,C,1,0
01/08/2014,4,,0,2014,41850,2,C,1,0
02/08/2014,0,,0,2014,41850,3,C,0,0
03/08/2014,0,,0,2014,41850,4,C,0,0
04/08/2014,0,,0,2014,41850,5,C,0,0
05/08/2014,0,,0,2014,41850,6,C,0,0
06/08/2014,16,,0,2014,41851,7,C,1,1
07/08/2014,0,,0,2014,41851,7,C,0,0
08/08/2014,0,,0,2014,41851,8,C,0,0
09/08/2014,0,,0,2014,41851,9,C,0,0
10/08/2014,0,,0,2014,41851,10,C,0,0
11/08/2014,0,,0,2014,41851,11,C,0,0
12/08/2014,0,,0,2014,41851,12,C,0,0
13/08/2014,1,,0,2014,41851,13,C,1,0
14/08/2014,0,,0,2014,41851,14,C,0,0
15/08/2014,0,,0,2014,41851,15,C,0,0
16/08/2014,0,,0,2014,41851,16,C,0,0
17/08/2014,0,,0,2014,41851,17,C,0,0
18/08/2014,0,,0,2014,41851,18,C,0,0
19/08/2014,0,,0,2014,41851,19,C,0,0
20/08/2014,1,,0,2014,41851,20,C,1,0
21/08/2014,0,,0,2014,41851,21,C,0,0
22/08/2014,0,,0,2014,41851,22,C,0,0
23/08/2014,0,,0,2014,41851,23,C,0,0
24/08/2014,0,,0,2014,41851,24,C,0,0
25/08/2014,0,,0,2014,41851,25,C,0,0
26/08/2014,0,,0,2014,41851,26,C,0,0
27/08/2014,0,,0,2014,41851,27,C,0,0
28/08/2014,1,,0,2014,41851,28,C,1,0
29/08/2014,0,,0,2014,41851,29,C,0,0
30/08/2014,0,,0,2014,41851,30,C,0,0
31/08/2014,0,,0,2014,41851,31,C,0,0
01/09/2014,0,,0,2014,41851,32,C,0,0
02/09/2014,0,,0,2014,41884,0,C,0,0
03/09/2014,0,,0,2014,41884,1,C,0,0
04/09/2014,1,,0,2014,41884,2,C,1,0
05/09/2014,1,,0,2014,41884,3,C,1,0
06/09/2014,1,,0,2014,41884,4,C,1,0
07/09/2014,1,,0,2014,41884,5,C,1,0
08/09/2014,0,,0,2014,41884,6,C,0,0
09/09/2014,0,,0,2014,41884,7,C,0,0
10/09/2014,0,,0,2014,41884,8,C,0,0
11/09/2014,0,,0,2014,41884,9,C,0,0
12/09/2014,0,,0,2014,41884,10,C,0,0
13/09/2014,0,,0,2014,41884,11,C,0,0
14/09/2014,0,,0,2014,41884,12,C,0,0
15/09/2014,0,,0,2014,41884,13,C,0,0
16/09/2014,0,,0,2014,41884,14,C,0,0
17/09/2014,0,,0,2014,41899,0,C,0,0
18/09/2014,0,,0,2014,41899,1,C,0,0
19/09/2014,0,,0,2014,41899,2,C,0,0
20/09/2014,0,,0,2014,41899,3,C,0,0
21/09/2014,1,,0,2014,41899,4,C,1,0
22/09/2014,0,,0,2014,41899,5,C,0,0
23/09/2014,0,,0,2014,41899,6,C,0,0
24/09/2014,0,,0,2014,41899,7,C,0,0
25/09/2014,0,,0,2014,41899,8,C,0,0
26/09/2014,1,,0,2014,41899,9,C,1,0
27/09/2014,0,,0,2014,41899,10,C,0,0
28/09/2014,0,,0,2014,41899,11,C,0,0
29/09/2014,0,,0,2014,41899,12,C,0,0
30/09/2014,0,,0,2014,41912,0,C,0,0
01/10/2014,0,,0,2014,41912,1,C,0,0
02/10/2014,0,,0,2014,41912,2,C,0,0
03/10/2014,1,,0,2014,41912,3,C,1,0
04/10/2014,0,,0,2014,41912,4,C,0,0
05/10/2014,0,,0,2014,41912,5,C,0,0
06/10/2014,0,,0,2014,41912,6,C,0,0
07/10/2014,0,,0,2014,41912,7,C,0,0
08/10/2014,0,,0,2014,41912,8,C,0,0
09/10/2014,0,,0,2014,41912,9,C,0,0
10/10/2014,0,,0,2014,41912,10,C,0,0
11/10/2014,0,,0,2014,41912,11,C,0,0
12/10/2014,0,,0,2014,41912,12,C,0,0
13/10/2014,2,,0,2014,41912,13,C,1,0
14/10/2014,0,,0,2014,41912,14,C,0,0
15/10/2014,0,,0,2014,41927,0,C,0,0
16/10/2014,0,,0,2014,41927,1,C,0,0
17/10/2014,0,,0,2014,41927,2,C,0,0
18/10/2014,0,,0,2014,41927,3,C,0,0
19/10/2014,1,,0,2014,41927,4,C,1,0
20/10/2014,0,,0,2014,41927,5,C,0,0
21/10/2014,1,,0,2014,41927,6,C,1,0
22/10/2014,0,,0,2014,41927,7,C,0,0
23/10/2014,0,,0,2014,41927,8,C,0,0
24/10/2014,6,,0,2014,41927,9,C,1,0
25/10/2014,1,,0,2014,41927,10,C,1,0
26/10/2014,0,,0,2014,41927,11,C,0,0
27/10/2014,1,,0,2014,41927,12,C,1,0
28/10/2014,0,,0,2014,41927,13,C,0,0
29/10/2014,0,,0,2014,41927,14,C,0,0
30/10/2014,4,,0,2014,41927,15,C,1,0
31/10/2014,1,,0,2014,41943,0,C,1,0
01/11/2014,0,,0,2014,41943,1,C,0,0
02/11/2014,0,,0,2014,41943,2,C,0,0
03/11/2014,1,,0,2014,41943,3,C,1,0
04/11/2014,0,,0,2014,41943,4,C,0,0
05/11/2014,0,,0,2014,41943,5,C,0,0
06/11/2014,0,,0,2014,41943,6,C,0,0
07/11/2014,0,,0,2014,41943,7,C,0,0
08/11/2014,0,,0,2014,41943,8,C,0,0
09/11/2014,0,,0,2014,41943,9,C,0,0
10/11/2014,0,,0,2014,41943,10,C,0,0
11/11/2014,0,,0,2014,41943,11,C,0,0
12/11/2014,0,,0,2014,41955,0,C,0,0
13/11/2014,1,,0,2014,41955,1,C,1,0
14/11/2014,0,,0,2014,41955,2,C,0,0
15/11/2014,0,,0,2014,41955,3,C,0,0
16/11/2014,0,,0,2014,41955,4,C,0,0
17/11/2014,3,,0,2014,41955,5,C,1,0
18/11/2014,0,,0,2014,41955,6,C,0,0
19/11/2014,0,,0,2014,41955,7,C,0,0
20/11/2014,0,,0,2014,41955,8,C,0,0
21/11/2014,1,,0,2014,41955,9,C,1,0
22/11/2014,2,,0,2014,41955,10,C,1,0
23/11/2014,0,,0,2014,41955,11,C,0,0
24/11/2014,1,,0,2014,41955,12,C,1,0
25/11/2014,0,,0,2014,41955,13,C,0,0
26/11/2014,0,,0,2014,41955,14,C,0,0
27/11/2014,1,,0,2014,41970,0,C,1,0
28/11/2014,0,,0,2014,41970,1,C,0,0
29/11/2014,0,,0,2014,41970,2,C,0,0
30/11/2014,0,,0,2014,41970,3,C,0,0
01/12/2014,0,,0,2014,41970,4,C,0,0
02/12/2014,0,,0,2014,41970,5,C,0,0
03/12/2014,1,,0,2014,41970,6,C,1,0
04/12/2014,0,,0,2014,41970,7,C,0,0
05/12/2014,0,,0,2014,41970,8,C,0,0
06/12/2014,0,,0,2014,41970,9,C,0,0
07/12/2014,0,,0,2014,41970,10,C,0,0
08/12/2014,0,,0,2014,41970,11,C,0,0
09/12/2014,0,,0,2014,41982,0,C,0,0
10/12/2014,0,,0,2014,41982,1,C,0,0
11/12/2014,0,,0,2014,41982,2,C,0,0
12/12/2014,3,,0,2014,41982,3,C,1,0
13/12/2014,431,,0,2014,41982,4,C,1,1
14/12/2014,7,,0,2014,41982,5,C,1,0
15/12/2014,0,,0,2014,41982,6,C,0,0
16/12/2014,0,,0,2014,41982,7,C,0,0
17/12/2014,410,,0,2014,41982,8,C,2,1
18/12/2014,0,,0,2014,41982,9,C,0,0
19/12/2014,700,1,0,2014,41982,10,C,1,1
20/12/2014,0,,0,2014,41982,11,C,0,0
21/12/2014,0,,0,2014,41982,12,C,0,0
22/12/2014,435,,0,2014,41982,13,C,1,1
23/12/2014,287,,0,2014,41982,14,C,1,1
24/12/2014,0,,0,2014,41982,15,C,0,0
25/12/2014,0,,0,2014,41982,16,C,0,0
26/12/2014,0,,0,2014,41982,17,C,0,0
27/12/2014,557,,0,2014,41982,18,C,1,1
28/12/2014,595,,0,2014,41982,19,C,1,1
29/12/2014,700,1,0,2014,42002,0,C,1,1
30/12/2014,0,,0,2014,42002,1,C,0,0
31/12/2014,0,,0,2014,42002,2,C,0,0
01/01/2015,700,1,0,2015,42002,3,C,1,1
02/01/2015,0,,0,2015,42002,4,C,0,0
03/01/2015,1,,0,2015,42002,5,C,1,0
04/01/2015,1,,0,2015,42002,6,C,1,0
05/01/2015,0,,0,2015,42002,7,C,0,0
06/01/2015,0,,0,2015,42002,8,C,0,0
07/01/2015,92,,0,2015,42002,9,C,1,1
08/01/2015,1,,0,2015,42002,10,C,1,0
09/01/2015,557,,0,2015,42002,11,C,1,1
10/01/2015,1,,0,2015,42002,12,C,1,0
11/01/2015,0,,0,2015,42002,13,C,0,0
12/01/2015,1,,0,2015,42002,14,C,1,0
13/01/2015,1,,0,2015,42016,1,C,1,0
14/01/2015,0,,0,2015,42016,2,C,0,0
15/01/2015,531,,0,2015,42016,3,C,1,1
16/01/2015,503,,0,2015,42016,4,C,1,1
17/01/2015,0,,0,2015,42016,5,C,0,0
18/01/2015,0,,0,2015,42016,6,C,0,0
19/01/2015,0,,0,2015,42016,7,C,0,0
20/01/2015,664,,0,2015,42016,8,C,1,1
21/01/2015,357,,0,2015,42016,9,C,1,1
22/01/2015,1,,0,2015,42016,10,C,1,0
23/01/2015,1002,,0,2015,42016,11,C,1,1
24/01/2015,0,,0,2015,42016,12,C,0,0
25/01/2015,632,,0,2015,42016,13,C,1,1
26/01/2015,700,1,0,2015,42030,14,C,1,1
27/01/2015,0,,0,2015,42030,1,C,0,0
28/01/2015,0,,0,2015,42030,2,C,0,0
29/01/2015,1,,0,2015,42030,3,C,1,0
30/01/2015,0,,0,2015,42030,4,C,0,0
31/01/2015,624,,0,2015,42030,5,C,1,1
01/02/2015,700,1,0,2015,42030,6,C,1,1
02/02/2015,0,,0,2015,42030,7,C,0,0
03/02/2015,1,,0,2015,42030,8,C,1,0
04/02/2015,700,1,0,2015,42030,9,C,1,1
05/02/2015,783,,0,2015,42030,10,C,1,1
06/02/2015,966,,0,2015,42030,11,C,1,1
07/02/2015,700,1,0,2015,42030,12,C,1,1
08/02/2015,700,1,0,2015,42030,13,C,1,1
09/02/2015,808,,0,2015,42030,14,C,1,1
10/02/2015,716,,0,2015,42030,15,C,1,1
11/02/2015,3,,0,2015,42030,16,C,1,0
12/02/2015,1,,0,2015,42030,17,C,1,0
13/02/2015,0,,0,2015,42048,0,C,0,0
14/02/2015,123,,0,2015,42048,1,C,1,1
15/02/2015,0,,0,2015,42048,2,C,0,0
16/02/2015,1,,0,2015,42048,3,C,1,0
17/02/2015,704,,0,2015,42048,4,C,1,1
18/02/2015,0,,0,2015,42048,5,C,0,0
19/02/2015,0,,0,2015,42048,6,C,0,0
20/02/2015,895,,0,2015,42048,7,C,1,1
21/02/2015,73,,1,2015,42048,8,C,1,1
22/02/2015,0,,0,2015,42048,9,C,0,0
23/02/2015,1,,0,2015,42048,10,C,1,0
24/02/2015,1,,0,2015,42048,11,C,1,0
25/02/2015,0,,0,2015,42048,12,C,0,0
26/02/2015,954,,0,2015,42061,0,C,1,1
27/02/2015,1,,0,2015,42061,1,C,1,0
28/02/2015,0,,0,2015,42061,2,C,0,0
01/03/2015,0,,0,2015,42061,3,C,0,0
02/03/2015,194,,0,2015,42061,4,C,1,1
03/03/2015,1,,0,2015,42061,5,C,1,0
04/03/2015,543,,0,2015,42061,6,C,1,1
05/03/2015,1,,0,2015,42061,7,C,1,0
06/03/2015,1,,0,2015,42061,8,C,1,0
07/03/2015,0,,0,2015,42061,9,C,0,0
08/03/2015,700,2,1,2015,42061,10,C,2,1
09/03/2015,0,,0,2015,42061,11,C,0,0
10/03/2015,0,,0,2015,42061,12,C,0,0
11/03/2015,0,,0,2015,42061,13,C,0,0
12/03/2015,0,,0,2015,42075,0,C,0,0
13/03/2015,0,,0,2015,42075,1,C,0,0
14/03/2015,681,,0,2015,42075,2,C,1,1
15/03/2015,827,,0,2015,42075,3,C,1,1
16/03/2015,0,,0,2015,42075,4,C,0,0
17/03/2015,0,,0,2015,42075,5,C,0,0
18/03/2015,83,,0,2015,42075,6,C,1,1
19/03/2015,843,,0,2015,42075,7,C,1,1
20/03/2015,1,,0,2015,42075,8,C,1,0
21/03/2015,0,,0,2015,42075,9,C,0,0
22/03/2015,750,,0,2015,42075,10,C,2,1
23/03/2015,700,1,0,2015,42075,11,C,1,1
24/03/2015,0,,0,2015,42075,12,C,0,0
25/03/2015,0,,0,2015,42088,0,C,0,0
26/03/2015,700,2,0,2015,42088,1,C,2,1
27/03/2015,843,,0,2015,42088,2,C,1,1
28/03/2015,0,,0,2015,42088,3,C,0,0
29/03/2015,0,,0,2015,42088,4,C,0,0
30/03/2015,857,,0,2015,42088,5,C,1,1
31/03/2015,0,,0,2015,42088,6,C,0,0
01/04/2015,0,,0,2015,42088,7,C,0,0
02/04/2015,0,,0,2015,42088,8,C,0,0
03/04/2015,0,,0,2015,42088,9,C,0,0
04/04/2015,717,,0,2015,42088,10,C,1,1
05/04/2015,0,,0,2015,42088,11,C,0,0
06/04/2015,0,,0,2015,42088,12,C,0,0
07/04/2015,700,1,1,2015,42088,13,C,1,1
08/04/2015,0,,0,2015,42088,14,C,0,0
09/04/2015,1,,0,2015,42088,15,C,1,0
10/04/2015,1,,0,2015,42088,16,C,1,0
11/04/2015,880,,0,2015,42088,17,C,1,1
12/04/2015,40,,1,2015,42088,18,C,1,1
13/04/2015,7,,0,2015,42088,19,C,1,0
14/04/2015,830,1,1,2015,42108,20,C,1,1
15/04/2015,0,,0,2015,42108,1,C,0,0
16/04/2015,0,,0,2015,42108,2,C,0,0
17/04/2015,0,,0,2015,42108,3,C,0,0
18/04/2015,0,,0,2015,42108,4,C,0,0
19/04/2015,804,,0,2015,42108,5,C,1,1
20/04/2015,2,,0,2015,42108,6,C,1,0
21/04/2015,1,,0,2015,42108,7,C,1,0
22/04/2015,772,,0,2015,42108,8,C,1,1
23/04/2015,3,,0,2015,42108,9,C,1,0
24/04/2015,1,,0,2015,42108,10,C,1,0
25/04/2015,2,,1,2015,42118,1,C,1,0
26/04/2015,955,,0,2015,42118,2,C,1,1
27/04/2015,866,,0,2015,42118,3,C,1,1
28/04/2015,841,,0,2015,42118,4,C,1,1
30/04/2015,700,2,0,2015,42118,6,C,2,1
01/05/2015,0,,0,2015,42118,7,C,0,0
02/05/2015,2,,0,2015,42118,8,C,1,0
03/05/2015,0,,0,2015,42118,9,C,0,0
04/05/2015,742,,0,2015,42118,10,C,1,1
05/05/2015,1,,0,2015,42118,11,C,1,0
06/05/2015,913,,0,2015,42118,12,C,1,1
07/05/2015,5,,0,2015,42118,13,C,1,0
08/05/2015,6,,1,2015,42132,14,C,2,0
09/05/2015,0,,0,2015,42132,1,C,0,0
10/05/2015,663,,0,2015,42132,2,C,1,1
11/05/2015,0,,0,2015,42132,3,C,0,0
12/05/2015,673,,0,2015,42132,4,C,1,1
13/05/2015,0,,0,2015,42132,5,C,0,0
14/05/2015,758,,0,2015,42132,6,C,1,1
15/05/2015,2,,1,2015,42132,7,C,1,0
16/05/2015,946,,0,2015,42132,8,C,1,1
17/05/2015,0,,0,2015,42132,9,C,0,0
18/05/2015,829,,0,2015,42132,10,C,1,1
19/05/2015,0,,0,2015,42132,11,C,0,0
20/05/2015,5,,1,2015,42132,12,C,1,0
21/05/2015,1,,0,2015,42132,13,C,1,0
22/05/2015,700,1,0,2015,42132,14,C,1,1
23/05/2015,0,,0,2015,42132,15,C,0,0
24/05/2015,1,,0,2015,42132,16,C,1,0
25/05/2015,0,,0,2015,42132,17,C,0,0
26/05/2015,0,,0,2015,42132,18,C,0,0
27/05/2015,701,,0,2015,42132,19,C,1,1
28/05/2015,0,,0,2015,42132,20,C,0,0
29/05/2015,0,,0,2015,42132,21,C,0,0
30/05/2015,0,,0,2015,42132,22,C,0,0
31/05/2015,1,,0,2015,42132,23,C,2,0
01/06/2015,5,,0,2015,42132,24,C,1,0
02/06/2015,4,,0,2015,42132,25,C,1,0
03/06/2015,0,,0,2015,42132,26,C,0,0
04/06/2015,560,,0,2015,42132,27,C,1,1
05/06/2015,0,,0,2015,42132,28,C,0,0
06/06/2015,0,,0,2015,42132,29,C,0,0
07/06/2015,0,,0,2015,42132,30,C,0,0
08/06/2015,0,,0,2015,42132,31,C,0,0
09/06/2015,0,,0,2015,42132,32,C,0,0
10/06/2015,0,,0,2015,42132,33,C,0,0
11/06/2015,0,,0,2015,42132,34,C,0,0
12/06/2015,0,,0,2015,42132,35,C,0,0
13/06/2015,0,,0,2015,42132,36,C,0,0
14/06/2015,0,,0,2015,42132,37,C,0,0
15/06/2015,0,,0,2015,42132,38,C,0,0
16/06/2015,0,,0,2015,42132,39,C,0,0
17/06/2015,0,,0,2015,42132,40,C,0,0
18/06/2015,0,,0,2015,42132,41,C,0,0
19/06/2015,0,,0,2015,42174,0,C,0,0
20/06/2015,0,,0,2015,42174,1,C,0,0
21/06/2015,0,,0,2015,42174,2,C,0,0
22/06/2015,0,,0,2015,42174,3,C,0,0
23/06/2015,0,,0,2015,42174,4,C,0,0
24/06/2015,0,,0,2015,42174,5,C,0,0
25/06/2015,0,,0,2015,42174,6,C,0,0
26/06/2015,0,,0,2015,42174,7,C,0,0
27/06/2015,0,,0,2015,42174,8,C,0,0
28/06/2015,1,,0,2015,42174,9,C,1,0
29/06/2015,0,,0,2015,42174,10,C,0,0
30/06/2015,0,,0,2015,42174,11,C,0,0
01/07/2015,0,,0,2015,42174,12,C,0,0
02/07/2015,0,,0,2015,42174,13,C,0,0
03/07/2015,0,,0,2015,42188,0,C,0,0
04/07/2015,0,,0,2015,42188,1,C,0,0
05/07/2015,0,,0,2015,42188,2,C,0,0
06/07/2015,0,,0,2015,42188,3,C,0,0
07/07/2015,0,,0,2015,42188,4,C,0,0
08/07/2015,0,,0,2015,42188,5,C,0,0
09/07/2015,0,,0,2015,42188,6,C,0,0
10/07/2015,0,,0,2015,42188,7,C,0,0
11/07/2015,8,,0,2015,42188,8,C,1,0
12/07/2015,0,,0,2015,42188,9,C,0,0
13/07/2015,0,,0,2015,42188,10,C,0,0
14/07/2015,0,,0,2015,42188,11,C,0,0
15/07/2015,1,,0,2015,42188,12,C,1,0
16/07/2015,0,,0,2015,42188,13,C,0,0
17/07/2015,725,,0,2015,42202,14,C,1,1
18/07/2015,5,,0,2015,42202,1,C,1,0
19/07/2015,327,,0,2015,42202,2,C,1,1
20/07/2015,0,,0,2015,42202,3,C,0,0
21/07/2015,0,,0,2015,42202,4,C,0,0
22/07/2015,969,,0,2015,42202,5,C,1,1
23/07/2015,0,,0,2015,42202,6,C,0,0
24/07/2015,0,,0,2015,42202,7,C,0,0
25/07/2015,1,,0,2015,42202,8,C,1,0
26/07/2015,0,,0,2015,42211,0,C,0,0
27/07/2015,0,,0,2015,42211,1,C,0,0
28/07/2015,0,,0,2015,42211,2,C,0,0
29/07/2015,0,,0,2015,42211,3,C,0,0
30/07/2015,0,,0,2015,42211,4,C,0,0
31/07/2015,0,,0,2015,42211,5,C,0,0
01/08/2015,767,,1,2015,42211,6,C,1,1
02/08/2015,0,,0,2015,42211,7,C,0,0
03/08/2015,0,,0,2015,42211,8,C,0,0
04/08/2015,1,,0,2015,42211,9,C,1,0
05/08/2015,1,,0,2015,42211,10,C,1,0
06/08/2015,2,,0,2015,42211,11,C,1,0
07/08/2015,0,,0,2015,42211,12,C,0,0
08/08/2015,1,,0,2015,42211,13,C,1,0
09/08/2015,0,,0,2015,42211,14,C,0,0
10/08/2015,0,,0,2015,42211,15,C,0,0
11/08/2015,1,,0,2015,42211,16,C,1,0
12/08/2015,1,,0,2015,42211,17,C,1,0
13/08/2015,0,,0,2015,42211,18,C,0,0
14/08/2015,1,,0,2015,42211,19,C,1,0
15/08/2015,0,,0,2015,42211,20,C,0,0
16/08/2015,1,,0,2015,42211,21,C,1,0
17/08/2015,1,,0,2015,42211,22,C,1,0
18/08/2015,1,,0,2015,42234,0,C,1,0
19/08/2015,1,,0,2015,42234,1,C,1,0
20/08/2015,1,,0,2015,42234,2,C,1,0
21/08/2015,1,,0,2015,42234,3,C,1,0
22/08/2015,0,,0,2015,42234,4,C,0,0
23/08/2015,1,,0,2015,42234,5,C,1,0
24/08/2015,1,,0,2015,42234,6,C,1,0
25/08/2015,0,,0,2015,42234,7,C,0,0
26/08/2015,1,,0,2015,42234,8,C,1,0
27/08/2015,0,,0,2015,42234,9,C,0,0
28/08/2015,1,,0,2015,42234,10,C,1,0
29/08/2015,1,,0,2015,42234,11,C,1,0
30/08/2015,1,,0,2015,42234,12,C,1,0
31/08/2015,0,,0,2015,42234,13,C,0,0
01/09/2015,0,,0,2015,42234,14,C,0,0
02/09/2015,1,,0,2015,42234,15,C,1,0
03/09/2015,0,,0,2015,42234,16,C,0,0
04/09/2015,1,,0,2015,42234,17,C,1,0
05/09/2015,0,,0,2015,42251,1,C,0,0
06/09/2015,1,,0,2015,42251,2,C,1,0
07/09/2015,0,,0,2015,42251,3,C,0,0
08/09/2015,0,,0,2015,42251,4,C,0,0
09/09/2015,1,,0,2015,42251,5,C,1,0
10/09/2015,0,,0,2015,42251,6,C,0,0
11/09/2015,0,,0,2015,42251,7,C,0,0
12/09/2015,0,,0,2015,42251,8,C,0,0
13/09/2015,1,,0,2015,42251,9,C,1,0
14/09/2015,0,,0,2015,42251,10,C,0,0
15/09/2015,0,,0,2015,42251,11,C,0,0
16/09/2015,0,,0,2015,42263,0,C,0,0
17/09/2015,0,,0,2015,42263,1,C,0,0
18/09/2015,0,,0,2015,42263,2,C,0,0
19/09/2015,1,,0,2015,42263,3,C,1,0
20/09/2015,0,,0,2015,42263,4,C,0,0
21/09/2015,0,,0,2015,42263,5,C,0,0
22/09/2015,1,,0,2015,42263,6,C,1,0
23/09/2015,0,,0,2015,42263,7,C,0,0
24/09/2015,1,,0,2015,42263,8,C,1,0
25/09/2015,1,,1,2015,42263,9,C,1,0
26/09/2015,1,,0,2015,42263,10,C,1,0
27/09/2015,740,,0,2015,42263,11,C,1,1
28/09/2015,0,,0,2015,42263,12,C,0,0
